file,line,type,commit,author,date,time,timezone,datetime,depth,length
style.css,1,css,f5afe43d,andrewyounucsd,2026-04-03,15:55:56,-07:00,2026-04-03T15:55:56-07:00,0,4
style.css,2,css,f5afe43d,andrewyounucsd,2026-04-03,15:55:56,-07:00,2026-04-03T15:55:56-07:00,1,43
style.css,3,css,f5afe43d,andrewyounucsd,2026-04-03,15:55:56,-07:00,2026-04-03T15:55:56-07:00,0,42
style.css,4,css,f5afe43d,andrewyounucsd,2026-04-03,15:55:56,-07:00,2026-04-03T15:55:56-07:00,0,0
style.css,5,css,f5afe43d,andrewyounucsd,2026-04-03,15:55:56,-07:00,2026-04-03T15:55:56-07:00,1,23
style.css,6,css,c8b43d9d,andrewyounucsd,2026-04-10,00:33:57,-07:00,2026-04-10T00:33:57-07:00,1,15
style.css,7,css,c8b43d9d,andrewyounucsd,2026-04-10,00:33:57,-07:00,2026-04-10T00:33:57-07:00,1,42
style.css,8,css,2cd4837d,andrewyounucsd,2026-04-10,00:41:39,-07:00,2026-04-10T00:41:39-07:00,0,0
style.css,9,css,2cd4837d,andrewyounucsd,2026-04-10,00:41:39,-07:00,2026-04-10T00:41:39-07:00,0,0
style.css,10,css,2cd4837d,andrewyounucsd,2026-04-10,00:41:39,-07:00,2026-04-10T00:41:39-07:00,0,3
style.css,11,css,b9b470ca,andrewyounucsd,2026-04-16,17:50:34,-07:00,2026-04-16T17:50:34-07:00,2,39
style.css,12,css,2cd4837d,andrewyounucsd,2026-04-10,00:41:39,-07:00,2026-04-10T00:41:39-07:00,2,12
style.css,13,css,2cd4837d,andrewyounucsd,2026-04-10,00:41:39,-07:00,2026-04-10T00:41:39-07:00,2,17
style.css,14,css,ea17e4f3,andrewyounucsd,2026-04-16,17:55:35,-07:00,2026-04-16T17:55:35-07:00,2,43
style.css,15,css,2cd4837d,andrewyounucsd,2026-04-10,00:41:39,-07:00,2026-04-10T00:41:39-07:00,0,0
style.css,16,css,2cd4837d,andrewyounucsd,2026-04-10,00:41:39,-07:00,2026-04-10T00:41:39-07:00,0,0
style.css,17,css,2cd4837d,andrewyounucsd,2026-04-10,00:41:39,-07:00,2026-04-10T00:41:39-07:00,0,5
style.css,18,css,2cd4837d,andrewyounucsd,2026-04-10,00:41:39,-07:00,2026-04-10T00:41:39-07:00,2,6
style.css,19,css,2cd4837d,andrewyounucsd,2026-04-10,00:41:39,-07:00,2026-04-10T00:41:39-07:00,2,20
style.css,20,css,2cd4837d,andrewyounucsd,2026-04-10,00:41:39,-07:00,2026-04-10T00:41:39-07:00,2,13
style.css,21,css,2cd4837d,andrewyounucsd,2026-04-10,00:41:39,-07:00,2026-04-10T00:41:39-07:00,2,17
style.css,22,css,2cd4837d,andrewyounucsd,2026-04-10,00:41:39,-07:00,2026-04-10T00:41:39-07:00,2,13
style.css,23,css,2cd4837d,andrewyounucsd,2026-04-10,00:41:39,-07:00,2026-04-10T00:41:39-07:00,0,0
style.css,24,css,2cd4837d,andrewyounucsd,2026-04-10,00:41:39,-07:00,2026-04-10T00:41:39-07:00,0,0
style.css,25,css,2cd4837d,andrewyounucsd,2026-04-10,00:41:39,-07:00,2026-04-10T00:41:39-07:00,0,13
style.css,26,css,ea17e4f3,andrewyounucsd,2026-04-16,17:55:35,-07:00,2026-04-16T17:55:35-07:00,2,45
style.css,27,css,2cd4837d,andrewyounucsd,2026-04-10,00:41:39,-07:00,2026-04-10T00:41:39-07:00,2,20
style.css,28,css,8a6a7ca5,andrewyounucsd,2026-04-10,01:03:27,-07:00,2026-04-10T01:03:27-07:00,0,0
style.css,29,css,8a6a7ca5,andrewyounucsd,2026-04-10,01:03:27,-07:00,2026-04-10T01:03:27-07:00,0,0
style.css,30,css,8a6a7ca5,andrewyounucsd,2026-04-10,01:03:27,-07:00,2026-04-10T01:03:27-07:00,0,4
style.css,31,css,8a6a7ca5,andrewyounucsd,2026-04-10,01:03:27,-07:00,2026-04-10T01:03:27-07:00,2,33
style.css,32,css,8a6a7ca5,andrewyounucsd,2026-04-10,01:03:27,-07:00,2026-04-10T01:03:27-07:00,2,32
style.css,33,css,b9b470ca,andrewyounucsd,2026-04-16,17:50:34,-07:00,2026-04-16T17:50:34-07:00,2,23
style.css,34,css,8a6a7ca5,andrewyounucsd,2026-04-10,01:03:27,-07:00,2026-04-10T01:03:27-07:00,0,0
style.css,35,css,8a6a7ca5,andrewyounucsd,2026-04-10,01:03:27,-07:00,2026-04-10T01:03:27-07:00,0,0
style.css,36,css,8a6a7ca5,andrewyounucsd,2026-04-10,01:03:27,-07:00,2026-04-10T01:03:27-07:00,0,11
style.css,37,css,8a6a7ca5,andrewyounucsd,2026-04-10,01:03:27,-07:00,2026-04-10T01:03:27-07:00,2,45
style.css,38,css,8a6a7ca5,andrewyounucsd,2026-04-10,01:03:27,-07:00,2026-04-10T01:03:27-07:00,2,20
style.css,39,css,b9b470ca,andrewyounucsd,2026-04-16,17:50:34,-07:00,2026-04-16T17:50:34-07:00,2,69
style.css,40,css,9dfe48a4,andrewyounucsd,2026-04-10,01:09:40,-07:00,2026-04-10T01:09:40-07:00,0,0
style.css,41,css,9dfe48a4,andrewyounucsd,2026-04-10,01:09:40,-07:00,2026-04-10T01:09:40-07:00,0,0
style.css,42,css,9dfe48a4,andrewyounucsd,2026-04-10,01:09:40,-07:00,2026-04-10T01:09:40-07:00,0,23
style.css,43,css,9dfe48a4,andrewyounucsd,2026-04-10,01:09:40,-07:00,2026-04-10T01:09:40-07:00,2,12
style.css,44,css,2cdb2ff9,andrewyounucsd,2026-04-10,01:17:51,-07:00,2026-04-10T01:17:51-07:00,0,0
style.css,45,css,2cdb2ff9,andrewyounucsd,2026-04-10,01:17:51,-07:00,2026-04-10T01:17:51-07:00,0,0
style.css,46,css,2cdb2ff9,andrewyounucsd,2026-04-10,01:17:51,-07:00,2026-04-10T01:17:51-07:00,0,4
style.css,47,css,2cdb2ff9,andrewyounucsd,2026-04-10,01:17:51,-07:00,2026-04-10T01:17:51-07:00,2,12
style.css,48,css,af0c9e8c,andrewyounucsd,2026-04-10,01:27:58,-07:00,2026-04-10T01:27:58-07:00,2,30
style.css,49,css,af0c9e8c,andrewyounucsd,2026-04-10,01:27:58,-07:00,2026-04-10T01:27:58-07:00,2,7
style.css,50,css,2cdb2ff9,andrewyounucsd,2026-04-10,01:17:51,-07:00,2026-04-10T01:17:51-07:00,0,0
style.css,51,css,2cdb2ff9,andrewyounucsd,2026-04-10,01:17:51,-07:00,2026-04-10T01:17:51-07:00,0,0
style.css,52,css,2cdb2ff9,andrewyounucsd,2026-04-10,01:17:51,-07:00,2026-04-10T01:17:51-07:00,0,10
style.css,53,css,af0c9e8c,andrewyounucsd,2026-04-10,01:27:58,-07:00,2026-04-10T01:27:58-07:00,2,12
style.css,54,css,af0c9e8c,andrewyounucsd,2026-04-10,01:27:58,-07:00,2026-04-10T01:27:58-07:00,2,29
style.css,55,css,af0c9e8c,andrewyounucsd,2026-04-10,01:27:58,-07:00,2026-04-10T01:27:58-07:00,2,18
style.css,56,css,2cdb2ff9,andrewyounucsd,2026-04-10,01:17:51,-07:00,2026-04-10T01:17:51-07:00,0,0
style.css,57,css,2cdb2ff9,andrewyounucsd,2026-04-10,01:17:51,-07:00,2026-04-10T01:17:51-07:00,0,0
style.css,58,css,af0c9e8c,andrewyounucsd,2026-04-10,01:27:58,-07:00,2026-04-10T01:27:58-07:00,0,11
style.css,59,css,af0c9e8c,andrewyounucsd,2026-04-10,01:27:58,-07:00,2026-04-10T01:27:58-07:00,2,18
style.css,60,css,0b4d9060,andrewyounucsd,2026-04-10,01:33:50,-07:00,2026-04-10T01:33:50-07:00,0,0
style.css,61,css,0b4d9060,andrewyounucsd,2026-04-10,01:33:50,-07:00,2026-04-10T01:33:50-07:00,0,0
style.css,62,css,0b4d9060,andrewyounucsd,2026-04-10,01:33:50,-07:00,2026-04-10T01:33:50-07:00,0,25
style.css,63,css,0b4d9060,andrewyounucsd,2026-04-10,01:33:50,-07:00,2026-04-10T01:33:50-07:00,2,10
style.css,64,css,0b4d9060,andrewyounucsd,2026-04-10,01:33:50,-07:00,2026-04-10T01:33:50-07:00,2,21
style.css,65,css,65e77416,andrewyounucsd,2026-04-10,01:43:45,-07:00,2026-04-10T01:43:45-07:00,0,0
style.css,66,css,65e77416,andrewyounucsd,2026-04-10,01:43:45,-07:00,2026-04-10T01:43:45-07:00,0,0
style.css,67,css,65e77416,andrewyounucsd,2026-04-10,01:43:45,-07:00,2026-04-10T01:43:45-07:00,0,9
style.css,68,css,65e77416,andrewyounucsd,2026-04-10,01:43:45,-07:00,2026-04-10T01:43:45-07:00,2,12
style.css,69,css,65e77416,andrewyounucsd,2026-04-10,01:43:45,-07:00,2026-04-10T01:43:45-07:00,2,58
style.css,70,css,65e77416,andrewyounucsd,2026-04-10,01:43:45,-07:00,2026-04-10T01:43:45-07:00,2,7
style.css,71,css,c0d10d8a,andrewyounucsd,2026-04-10,01:49:27,-07:00,2026-04-10T01:49:27-07:00,0,0
style.css,72,css,c0d10d8a,andrewyounucsd,2026-04-10,01:49:27,-07:00,2026-04-10T01:49:27-07:00,0,0
style.css,73,css,c0d10d8a,andrewyounucsd,2026-04-10,01:49:27,-07:00,2026-04-10T01:49:27-07:00,0,17
style.css,74,css,c0d10d8a,andrewyounucsd,2026-04-10,01:49:27,-07:00,2026-04-10T01:49:27-07:00,2,12
style.css,75,css,c0d10d8a,andrewyounucsd,2026-04-10,01:49:27,-07:00,2026-04-10T01:49:27-07:00,2,26
style.css,76,css,c0d10d8a,andrewyounucsd,2026-04-10,01:49:27,-07:00,2026-04-10T01:49:27-07:00,2,15
style.css,77,css,c0d10d8a,andrewyounucsd,2026-04-10,01:49:27,-07:00,2026-04-10T01:49:27-07:00,0,0
style.css,78,css,c0d10d8a,andrewyounucsd,2026-04-10,01:49:27,-07:00,2026-04-10T01:49:27-07:00,0,0
style.css,79,css,c0d10d8a,andrewyounucsd,2026-04-10,01:49:27,-07:00,2026-04-10T01:49:27-07:00,0,20
style.css,80,css,c0d10d8a,andrewyounucsd,2026-04-10,01:49:27,-07:00,2026-04-10T01:49:27-07:00,2,8
style.css,81,css,678ad4ea,andrewyounucsd,2026-04-10,01:55:14,-07:00,2026-04-10T01:55:14-07:00,0,0
style.css,82,css,678ad4ea,andrewyounucsd,2026-04-10,01:55:14,-07:00,2026-04-10T01:55:14-07:00,0,0
style.css,83,css,678ad4ea,andrewyounucsd,2026-04-10,01:55:14,-07:00,2026-04-10T01:55:14-07:00,0,2
style.css,84,css,678ad4ea,andrewyounucsd,2026-04-10,01:55:14,-07:00,2026-04-10T01:55:14-07:00,2,14
style.css,85,css,678ad4ea,andrewyounucsd,2026-04-10,01:55:14,-07:00,2026-04-10T01:55:14-07:00,0,0
style.css,86,css,678ad4ea,andrewyounucsd,2026-04-10,01:55:14,-07:00,2026-04-10T01:55:14-07:00,0,0
style.css,87,css,678ad4ea,andrewyounucsd,2026-04-10,01:55:14,-07:00,2026-04-10T01:55:14-07:00,0,22
style.css,88,css,678ad4ea,andrewyounucsd,2026-04-10,01:55:14,-07:00,2026-04-10T01:55:14-07:00,2,15
style.css,89,css,678ad4ea,andrewyounucsd,2026-04-10,01:55:14,-07:00,2026-04-10T01:55:14-07:00,2,17
style.css,90,css,265ad6b0,andrewyounucsd,2026-04-10,02:03:52,-07:00,2026-04-10T02:03:52-07:00,0,0
style.css,91,css,265ad6b0,andrewyounucsd,2026-04-10,02:03:52,-07:00,2026-04-10T02:03:52-07:00,0,0
style.css,92,css,6e76918c,andrewyounucsd,2026-04-10,02:10:43,-07:00,2026-04-10T02:10:43-07:00,0,15
style.css,93,css,265ad6b0,andrewyounucsd,2026-04-10,02:03:52,-07:00,2026-04-10T02:03:52-07:00,2,13
style.css,94,css,265ad6b0,andrewyounucsd,2026-04-10,02:03:52,-07:00,2026-04-10T02:03:52-07:00,2,41
style.css,95,css,265ad6b0,andrewyounucsd,2026-04-10,02:03:52,-07:00,2026-04-10T02:03:52-07:00,0,0
style.css,96,css,265ad6b0,andrewyounucsd,2026-04-10,02:03:52,-07:00,2026-04-10T02:03:52-07:00,0,0
style.css,97,css,6e76918c,andrewyounucsd,2026-04-10,02:10:43,-07:00,2026-04-10T02:10:43-07:00,0,12
style.css,98,css,265ad6b0,andrewyounucsd,2026-04-10,02:03:52,-07:00,2026-04-10T02:03:52-07:00,2,21
style.css,99,css,265ad6b0,andrewyounucsd,2026-04-10,02:03:52,-07:00,2026-04-10T02:03:52-07:00,0,0
style.css,100,css,265ad6b0,andrewyounucsd,2026-04-10,02:03:52,-07:00,2026-04-10T02:03:52-07:00,0,0
style.css,101,css,6e76918c,andrewyounucsd,2026-04-10,02:10:43,-07:00,2026-04-10T02:10:43-07:00,0,15
style.css,102,css,265ad6b0,andrewyounucsd,2026-04-10,02:03:52,-07:00,2026-04-10T02:03:52-07:00,2,18
style.css,103,css,2e7ed85d,andrewyounucsd,2026-04-16,18:13:46,-07:00,2026-04-16T18:13:46-07:00,0,0
style.css,104,css,2e7ed85d,andrewyounucsd,2026-04-16,18:13:46,-07:00,2026-04-16T18:13:46-07:00,0,0
style.css,105,css,2e7ed85d,andrewyounucsd,2026-04-16,18:13:46,-07:00,2026-04-16T18:13:46-07:00,0,13
style.css,106,css,2e7ed85d,andrewyounucsd,2026-04-16,18:13:46,-07:00,2026-04-16T18:13:46-07:00,2,17
style.css,107,css,2e7ed85d,andrewyounucsd,2026-04-16,18:13:46,-07:00,2026-04-16T18:13:46-07:00,2,8
style.css,108,css,2e7ed85d,andrewyounucsd,2026-04-16,18:13:46,-07:00,2026-04-16T18:13:46-07:00,2,10
style.css,109,css,2e7ed85d,andrewyounucsd,2026-04-16,18:13:46,-07:00,2026-04-16T18:13:46-07:00,2,13
style.css,110,css,2e7ed85d,andrewyounucsd,2026-04-16,18:13:46,-07:00,2026-04-16T18:13:46-07:00,2,19
style.css,111,css,2e7ed85d,andrewyounucsd,2026-04-16,18:13:46,-07:00,2026-04-16T18:13:46-07:00,0,0
style.css,112,css,2e7ed85d,andrewyounucsd,2026-04-16,18:13:46,-07:00,2026-04-16T18:13:46-07:00,0,0
style.css,113,css,2e7ed85d,andrewyounucsd,2026-04-16,18:13:46,-07:00,2026-04-16T18:13:46-07:00,0,31
style.css,114,css,2e7ed85d,andrewyounucsd,2026-04-16,18:13:46,-07:00,2026-04-16T18:13:46-07:00,2,12
style.css,115,css,ad327fec,andrewyounucsd,2026-04-24,15:04:30,-07:00,2026-04-24T15:04:30-07:00,0,0
style.css,116,css,ad327fec,andrewyounucsd,2026-04-24,15:04:30,-07:00,2026-04-24T15:04:30-07:00,0,0
style.css,117,css,ad327fec,andrewyounucsd,2026-04-24,15:04:30,-07:00,2026-04-24T15:04:30-07:00,0,13
style.css,118,css,ad327fec,andrewyounucsd,2026-04-24,15:04:30,-07:00,2026-04-24T15:04:30-07:00,2,10
style.css,119,css,ad327fec,andrewyounucsd,2026-04-24,15:04:30,-07:00,2026-04-24T15:04:30-07:00,2,12
style.css,120,css,ad327fec,andrewyounucsd,2026-04-24,15:04:30,-07:00,2026-04-24T15:04:30-07:00,2,16
style.css,121,css,0292ad22,andrewyounucsd,2026-05-01,20:19:19,-07:00,2026-05-01T20:19:19-07:00,0,0
style.css,122,css,0292ad22,andrewyounucsd,2026-05-01,20:19:19,-07:00,2026-05-01T20:19:19-07:00,0,0
style.css,123,css,0292ad22,andrewyounucsd,2026-05-01,20:19:19,-07:00,2026-05-01T20:19:19-07:00,0,13
style.css,124,css,0292ad22,andrewyounucsd,2026-05-01,20:19:19,-07:00,2026-05-01T20:19:19-07:00,2,30
style.css,125,css,0292ad22,andrewyounucsd,2026-05-01,20:19:19,-07:00,2026-05-01T20:19:19-07:00,2,34
style.css,126,css,0292ad22,andrewyounucsd,2026-05-01,20:19:19,-07:00,2026-05-01T20:19:19-07:00,2,21
style.css,127,css,da7618b4,andrewyounucsd,2026-05-01,20:24:19,-07:00,2026-05-01T20:24:19-07:00,0,0
style.css,128,css,da7618b4,andrewyounucsd,2026-05-01,20:24:19,-07:00,2026-05-01T20:24:19-07:00,0,0
style.css,129,css,da7618b4,andrewyounucsd,2026-05-01,20:24:19,-07:00,2026-05-01T20:24:19-07:00,0,18
style.css,130,css,da7618b4,andrewyounucsd,2026-05-01,20:24:19,-07:00,2026-05-01T20:24:19-07:00,1,14
style.css,131,css,da7618b4,andrewyounucsd,2026-05-01,20:24:19,-07:00,2026-05-01T20:24:19-07:00,1,16
style.css,132,css,da7618b4,andrewyounucsd,2026-05-01,20:24:19,-07:00,2026-05-01T20:24:19-07:00,1,16
style.css,133,css,0f4b9fe5,andrewyounucsd,2026-05-01,20:29:56,-07:00,2026-05-01T20:29:56-07:00,0,0
style.css,134,css,0f4b9fe5,andrewyounucsd,2026-05-01,20:29:56,-07:00,2026-05-01T20:29:56-07:00,0,0
style.css,135,css,0f4b9fe5,andrewyounucsd,2026-05-01,20:29:56,-07:00,2026-05-01T20:29:56-07:00,0,7
style.css,136,css,0f4b9fe5,andrewyounucsd,2026-05-01,20:29:56,-07:00,2026-05-01T20:29:56-07:00,1,12
style.css,137,css,0f4b9fe5,andrewyounucsd,2026-05-01,20:29:56,-07:00,2026-05-01T20:29:56-07:00,1,57
style.css,138,css,0f4b9fe5,andrewyounucsd,2026-05-01,20:29:56,-07:00,2026-05-01T20:29:56-07:00,1,7
style.css,139,css,0f4b9fe5,andrewyounucsd,2026-05-01,20:29:56,-07:00,2026-05-01T20:29:56-07:00,1,11
style.css,140,css,0f4b9fe5,andrewyounucsd,2026-05-01,20:29:56,-07:00,2026-05-01T20:29:56-07:00,1,10
style.css,141,css,0f4b9fe5,andrewyounucsd,2026-05-01,20:29:56,-07:00,2026-05-01T20:29:56-07:00,1,41
style.css,142,css,0f4b9fe5,andrewyounucsd,2026-05-01,20:29:56,-07:00,2026-05-01T20:29:56-07:00,1,6
style.css,143,css,0f4b9fe5,andrewyounucsd,2026-05-01,20:29:56,-07:00,2026-05-01T20:29:56-07:00,0,0
style.css,144,css,0f4b9fe5,andrewyounucsd,2026-05-01,20:29:56,-07:00,2026-05-01T20:29:56-07:00,0,0
style.css,145,css,0f4b9fe5,andrewyounucsd,2026-05-01,20:29:56,-07:00,2026-05-01T20:29:56-07:00,0,12
style.css,146,css,0f4b9fe5,andrewyounucsd,2026-05-01,20:29:56,-07:00,2026-05-01T20:29:56-07:00,1,12
style.css,147,css,0f4b9fe5,andrewyounucsd,2026-05-01,20:29:56,-07:00,2026-05-01T20:29:56-07:00,1,18
style.css,148,css,0f4b9fe5,andrewyounucsd,2026-05-01,20:29:56,-07:00,2026-05-01T20:29:56-07:00,1,9
style.css,149,css,0f4b9fe5,andrewyounucsd,2026-05-01,20:29:56,-07:00,2026-05-01T20:29:56-07:00,0,0
style.css,150,css,0f4b9fe5,andrewyounucsd,2026-05-01,20:29:56,-07:00,2026-05-01T20:29:56-07:00,0,0
style.css,151,css,0f4b9fe5,andrewyounucsd,2026-05-01,20:29:56,-07:00,2026-05-01T20:29:56-07:00,0,7
style.css,152,css,0f4b9fe5,andrewyounucsd,2026-05-01,20:29:56,-07:00,2026-05-01T20:29:56-07:00,1,20
style.css,153,css,0f4b9fe5,andrewyounucsd,2026-05-01,20:29:56,-07:00,2026-05-01T20:29:56-07:00,1,9
style.css,154,css,0f4b9fe5,andrewyounucsd,2026-05-01,20:29:56,-07:00,2026-05-01T20:29:56-07:00,1,18
style.css,155,css,0f4b9fe5,andrewyounucsd,2026-05-01,20:29:56,-07:00,2026-05-01T20:29:56-07:00,1,29
style.css,156,css,0f4b9fe5,andrewyounucsd,2026-05-01,20:29:56,-07:00,2026-05-01T20:29:56-07:00,1,17
style.css,157,css,0f4b9fe5,andrewyounucsd,2026-05-01,20:29:56,-07:00,2026-05-01T20:29:56-07:00,0,0
style.css,158,css,0f4b9fe5,andrewyounucsd,2026-05-01,20:29:56,-07:00,2026-05-01T20:29:56-07:00,0,0
style.css,159,css,0f4b9fe5,andrewyounucsd,2026-05-01,20:29:56,-07:00,2026-05-01T20:29:56-07:00,0,10
style.css,160,css,0f4b9fe5,andrewyounucsd,2026-05-01,20:29:56,-07:00,2026-05-01T20:29:56-07:00,1,12
style.css,161,css,0f4b9fe5,andrewyounucsd,2026-05-01,20:29:56,-07:00,2026-05-01T20:29:56-07:00,1,18
style.css,162,css,0f4b9fe5,andrewyounucsd,2026-05-01,20:29:56,-07:00,2026-05-01T20:29:56-07:00,1,7
style.css,163,css,0576b99c,andrewyounucsd,2026-05-01,20:34:25,-07:00,2026-05-01T20:34:25-07:00,0,0
style.css,164,css,0576b99c,andrewyounucsd,2026-05-01,20:34:25,-07:00,2026-05-01T20:34:25-07:00,0,0
style.css,165,css,0576b99c,andrewyounucsd,2026-05-01,20:34:25,-07:00,2026-05-01T20:34:25-07:00,0,9
style.css,166,css,0576b99c,andrewyounucsd,2026-05-01,20:34:25,-07:00,2026-05-01T20:34:25-07:00,1,35
style.css,167,css,0576b99c,andrewyounucsd,2026-05-01,20:34:25,-07:00,2026-05-01T20:34:25-07:00,0,0
style.css,168,css,0576b99c,andrewyounucsd,2026-05-01,20:34:25,-07:00,2026-05-01T20:34:25-07:00,1,10
style.css,169,css,0576b99c,andrewyounucsd,2026-05-01,20:34:25,-07:00,2026-05-01T20:34:25-07:00,2,17
style.css,170,css,0576b99c,andrewyounucsd,2026-05-01,20:34:25,-07:00,2026-05-01T20:34:25-07:00,1,0
style.css,171,css,0576b99c,andrewyounucsd,2026-05-01,20:34:25,-07:00,2026-05-01T20:34:25-07:00,0,0
style.css,172,css,0576b99c,andrewyounucsd,2026-05-01,20:34:25,-07:00,2026-05-01T20:34:25-07:00,0,0
style.css,173,css,0576b99c,andrewyounucsd,2026-05-01,20:34:25,-07:00,2026-05-01T20:34:25-07:00,0,8
style.css,174,css,0576b99c,andrewyounucsd,2026-05-01,20:34:25,-07:00,2026-05-01T20:34:25-07:00,1,14
style.css,175,css,0576b99c,andrewyounucsd,2026-05-01,20:34:25,-07:00,2026-05-01T20:34:25-07:00,1,16
style.css,176,css,0576b99c,andrewyounucsd,2026-05-01,20:34:25,-07:00,2026-05-01T20:34:25-07:00,0,0
style.css,177,css,0576b99c,andrewyounucsd,2026-05-01,20:34:25,-07:00,2026-05-01T20:34:25-07:00,0,0
style.css,178,css,0576b99c,andrewyounucsd,2026-05-01,20:34:25,-07:00,2026-05-01T20:34:25-07:00,0,36
style.css,179,css,0576b99c,andrewyounucsd,2026-05-01,20:34:25,-07:00,2026-05-01T20:34:25-07:00,1,11
style.css,180,css,af0a9361,andrewyounucsd,2026-05-09,19:23:40,-07:00,2026-05-09T19:23:40-07:00,0,0
style.css,181,css,af0a9361,andrewyounucsd,2026-05-09,19:23:40,-07:00,2026-05-09T19:23:40-07:00,0,0
style.css,182,css,af0a9361,andrewyounucsd,2026-05-09,19:23:40,-07:00,2026-05-09T19:23:40-07:00,0,6
style.css,183,css,af0a9361,andrewyounucsd,2026-05-09,19:23:40,-07:00,2026-05-09T19:23:40-07:00,1,12
style.css,184,css,af0a9361,andrewyounucsd,2026-05-09,19:23:40,-07:00,2026-05-09T19:23:40-07:00,1,30
style.css,185,css,af0a9361,andrewyounucsd,2026-05-09,19:23:40,-07:00,2026-05-09T19:23:40-07:00,1,13
style.css,186,css,af0a9361,andrewyounucsd,2026-05-09,19:23:40,-07:00,2026-05-09T19:23:40-07:00,0,0
style.css,187,css,af0a9361,andrewyounucsd,2026-05-09,19:23:40,-07:00,2026-05-09T19:23:40-07:00,0,0
style.css,188,css,af0a9361,andrewyounucsd,2026-05-09,19:23:40,-07:00,2026-05-09T19:23:40-07:00,0,9
style.css,189,css,af0a9361,andrewyounucsd,2026-05-09,19:23:40,-07:00,2026-05-09T19:23:40-07:00,1,21
style.css,190,css,af0a9361,andrewyounucsd,2026-05-09,19:23:40,-07:00,2026-05-09T19:23:40-07:00,1,16
style.css,191,css,af0a9361,andrewyounucsd,2026-05-09,19:23:40,-07:00,2026-05-09T19:23:40-07:00,1,24
style.css,192,css,af0a9361,andrewyounucsd,2026-05-09,19:23:40,-07:00,2026-05-09T19:23:40-07:00,0,0
style.css,193,css,af0a9361,andrewyounucsd,2026-05-09,19:23:40,-07:00,2026-05-09T19:23:40-07:00,0,0
style.css,194,css,af0a9361,andrewyounucsd,2026-05-09,19:23:40,-07:00,2026-05-09T19:23:40-07:00,0,9
style.css,195,css,af0a9361,andrewyounucsd,2026-05-09,19:23:40,-07:00,2026-05-09T19:23:40-07:00,1,8
style.css,196,css,af0a9361,andrewyounucsd,2026-05-09,19:23:40,-07:00,2026-05-09T19:23:40-07:00,1,16
style.css,197,css,3fc034d9,andrewyounucsd,2026-05-09,19:58:49,-07:00,2026-05-09T19:58:49-07:00,0,0
style.css,198,css,3fc034d9,andrewyounucsd,2026-05-09,19:58:49,-07:00,2026-05-09T19:58:49-07:00,0,0
style.css,199,css,3fc034d9,andrewyounucsd,2026-05-09,19:58:49,-07:00,2026-05-09T19:58:49-07:00,0,5
style.css,200,css,3fc034d9,andrewyounucsd,2026-05-09,19:58:49,-07:00,2026-05-09T19:58:49-07:00,1,12
style.css,201,css,3fc034d9,andrewyounucsd,2026-05-09,19:58:49,-07:00,2026-05-09T19:58:49-07:00,1,30
style.css,202,css,3fc034d9,andrewyounucsd,2026-05-09,19:58:49,-07:00,2026-05-09T19:58:49-07:00,1,13
style.css,203,css,3fc034d9,andrewyounucsd,2026-05-09,19:58:49,-07:00,2026-05-09T19:58:49-07:00,1,25
style.css,204,css,3fc034d9,andrewyounucsd,2026-05-09,19:58:49,-07:00,2026-05-09T19:58:49-07:00,1,39
style.css,205,css,3fc034d9,andrewyounucsd,2026-05-09,19:58:49,-07:00,2026-05-09T19:58:49-07:00,0,0
style.css,206,css,3fc034d9,andrewyounucsd,2026-05-09,19:58:49,-07:00,2026-05-09T19:58:49-07:00,0,0
style.css,207,css,3fc034d9,andrewyounucsd,2026-05-09,19:58:49,-07:00,2026-05-09T19:58:49-07:00,0,40
style.css,208,css,3fc034d9,andrewyounucsd,2026-05-09,19:58:49,-07:00,2026-05-09T19:58:49-07:00,1,9
style.css,209,css,3fc034d9,andrewyounucsd,2026-05-09,19:58:49,-07:00,2026-05-09T19:58:49-07:00,1,17
style.css,210,css,3fc034d9,andrewyounucsd,2026-05-09,19:58:49,-07:00,2026-05-09T19:58:49-07:00,0,0
style.css,211,css,3fc034d9,andrewyounucsd,2026-05-09,19:58:49,-07:00,2026-05-09T19:58:49-07:00,0,0
style.css,212,css,3fc034d9,andrewyounucsd,2026-05-09,19:58:49,-07:00,2026-05-09T19:58:49-07:00,0,8
style.css,213,css,3fc034d9,andrewyounucsd,2026-05-09,19:58:49,-07:00,2026-05-09T19:58:49-07:00,1,14
style.css,214,css,3fc034d9,andrewyounucsd,2026-05-09,19:58:49,-07:00,2026-05-09T19:58:49-07:00,1,7
style.css,215,css,3fc034d9,andrewyounucsd,2026-05-09,19:58:49,-07:00,2026-05-09T19:58:49-07:00,1,8
style.css,216,css,3fc034d9,andrewyounucsd,2026-05-09,19:58:49,-07:00,2026-05-09T19:58:49-07:00,1,41
style.css,217,css,3fc034d9,andrewyounucsd,2026-05-09,19:58:49,-07:00,2026-05-09T19:58:49-07:00,1,36
style.css,218,css,3fc034d9,andrewyounucsd,2026-05-09,19:58:49,-07:00,2026-05-09T19:58:49-07:00,1,17
style.css,219,css,3fc034d9,andrewyounucsd,2026-05-09,19:58:49,-07:00,2026-05-09T19:58:49-07:00,1,11
style.css,220,css,3fc034d9,andrewyounucsd,2026-05-09,19:58:49,-07:00,2026-05-09T19:58:49-07:00,1,25
style.css,221,css,3fc034d9,andrewyounucsd,2026-05-09,19:58:49,-07:00,2026-05-09T19:58:49-07:00,0,0
style.css,222,css,3fc034d9,andrewyounucsd,2026-05-09,19:58:49,-07:00,2026-05-09T19:58:49-07:00,0,0
style.css,223,css,3fc034d9,andrewyounucsd,2026-05-09,19:58:49,-07:00,2026-05-09T19:58:49-07:00,0,6
style.css,224,css,3fc034d9,andrewyounucsd,2026-05-09,19:58:49,-07:00,2026-05-09T19:58:49-07:00,1,16
style.css,225,css,3fc034d9,andrewyounucsd,2026-05-09,19:58:49,-07:00,2026-05-09T19:58:49-07:00,1,23
style.css,226,css,3fc034d9,andrewyounucsd,2026-05-09,19:58:49,-07:00,2026-05-09T19:58:49-07:00,1,22
style.css,227,css,3fc034d9,andrewyounucsd,2026-05-09,19:58:49,-07:00,2026-05-09T19:58:49-07:00,0,0
style.css,228,css,3fc034d9,andrewyounucsd,2026-05-09,19:58:49,-07:00,2026-05-09T19:58:49-07:00,0,0
style.css,229,css,3fc034d9,andrewyounucsd,2026-05-09,19:58:49,-07:00,2026-05-09T19:58:49-07:00,0,12
style.css,230,css,3fc034d9,andrewyounucsd,2026-05-09,19:58:49,-07:00,2026-05-09T19:58:49-07:00,1,20
style.css,231,css,d075d141,andrewyounucsd,2026-05-09,20:42:55,-07:00,2026-05-09T20:42:55-07:00,0,0
style.css,232,css,d075d141,andrewyounucsd,2026-05-09,20:42:55,-07:00,2026-05-09T20:42:55-07:00,0,0
style.css,233,css,d075d141,andrewyounucsd,2026-05-09,20:42:55,-07:00,2026-05-09T20:42:55-07:00,0,15
style.css,234,css,d075d141,andrewyounucsd,2026-05-09,20:42:55,-07:00,2026-05-09T20:42:55-07:00,1,12
style.css,235,css,d075d141,andrewyounucsd,2026-05-09,20:42:55,-07:00,2026-05-09T20:42:55-07:00,0,0
style.css,236,css,d075d141,andrewyounucsd,2026-05-09,20:42:55,-07:00,2026-05-09T20:42:55-07:00,0,0
style.css,237,css,d075d141,andrewyounucsd,2026-05-09,20:42:55,-07:00,2026-05-09T20:42:55-07:00,0,24
style.css,238,css,d075d141,andrewyounucsd,2026-05-09,20:42:55,-07:00,2026-05-09T20:42:55-07:00,1,27
style.css,239,css,d075d141,andrewyounucsd,2026-05-09,20:42:55,-07:00,2026-05-09T20:42:55-07:00,0,0
style.css,240,css,d075d141,andrewyounucsd,2026-05-09,20:42:55,-07:00,2026-05-09T20:42:55-07:00,0,0
style.css,241,css,d075d141,andrewyounucsd,2026-05-09,20:42:55,-07:00,2026-05-09T20:42:55-07:00,0,10
style.css,242,css,d075d141,andrewyounucsd,2026-05-09,20:42:55,-07:00,2026-05-09T20:42:55-07:00,1,16
style.css,243,css,d075d141,andrewyounucsd,2026-05-09,20:42:55,-07:00,2026-05-09T20:42:55-07:00,1,12
style.css,244,css,d075d141,andrewyounucsd,2026-05-09,20:42:55,-07:00,2026-05-09T20:42:55-07:00,1,18
style.css,245,css,d075d141,andrewyounucsd,2026-05-09,20:42:55,-07:00,2026-05-09T20:42:55-07:00,1,20
style.css,246,css,d075d141,andrewyounucsd,2026-05-09,20:42:55,-07:00,2026-05-09T20:42:55-07:00,1,42
style.css,247,css,a0f91556,andrewyounucsd,2026-05-22,13:20:23,-07:00,2026-05-22T13:20:23-07:00,0,0
style.css,248,css,a0f91556,andrewyounucsd,2026-05-22,13:20:23,-07:00,2026-05-22T13:20:23-07:00,0,0
style.css,249,css,a0f91556,andrewyounucsd,2026-05-22,13:20:23,-07:00,2026-05-22T13:20:23-07:00,0,6
style.css,250,css,a0f91556,andrewyounucsd,2026-05-22,13:20:23,-07:00,2026-05-22T13:20:23-07:00,1,20
style.css,251,css,a0f91556,andrewyounucsd,2026-05-22,13:20:23,-07:00,2026-05-22T13:20:23-07:00,0,0
style.css,252,css,a0f91556,andrewyounucsd,2026-05-22,13:20:23,-07:00,2026-05-22T13:20:23-07:00,1,15
style.css,253,css,a0f91556,andrewyounucsd,2026-05-22,13:20:23,-07:00,2026-05-22T13:20:23-07:00,2,3
style.css,254,css,a0f91556,andrewyounucsd,2026-05-22,13:20:23,-07:00,2026-05-22T13:20:23-07:00,1,0
style.css,255,css,5bf4c8ff,andrewyounucsd,2026-05-22,13:53:37,-07:00,2026-05-22T13:53:37-07:00,0,0
style.css,256,css,5bf4c8ff,andrewyounucsd,2026-05-22,13:53:37,-07:00,2026-05-22T13:53:37-07:00,0,0
style.css,257,css,5bf4c8ff,andrewyounucsd,2026-05-22,13:53:37,-07:00,2026-05-22T13:53:37-07:00,0,6
style.css,258,css,5bf4c8ff,andrewyounucsd,2026-05-22,13:53:37,-07:00,2026-05-22T13:53:37-07:00,1,12
style.css,259,css,5bf4c8ff,andrewyounucsd,2026-05-22,13:53:37,-07:00,2026-05-22T13:53:37-07:00,1,29
style.css,260,css,5bf4c8ff,andrewyounucsd,2026-05-22,13:53:37,-07:00,2026-05-22T13:53:37-07:00,0,0
style.css,261,css,5bf4c8ff,andrewyounucsd,2026-05-22,13:53:37,-07:00,2026-05-22T13:53:37-07:00,0,0
style.css,262,css,5bf4c8ff,andrewyounucsd,2026-05-22,13:53:37,-07:00,2026-05-22T13:53:37-07:00,0,12
style.css,263,css,5bf4c8ff,andrewyounucsd,2026-05-22,13:53:37,-07:00,2026-05-22T13:53:37-07:00,1,18
style.css,264,css,5bf4c8ff,andrewyounucsd,2026-05-22,13:53:37,-07:00,2026-05-22T13:53:37-07:00,1,12
style.css,265,css,5bf4c8ff,andrewyounucsd,2026-05-22,13:53:37,-07:00,2026-05-22T13:53:37-07:00,1,29
style.css,266,css,5bf4c8ff,andrewyounucsd,2026-05-22,13:53:37,-07:00,2026-05-22T13:53:37-07:00,0,0
style.css,267,css,5bf4c8ff,andrewyounucsd,2026-05-22,13:53:37,-07:00,2026-05-22T13:53:37-07:00,0,0
style.css,268,css,5bf4c8ff,andrewyounucsd,2026-05-22,13:53:37,-07:00,2026-05-22T13:53:37-07:00,0,9
style.css,269,css,5bf4c8ff,andrewyounucsd,2026-05-22,13:53:37,-07:00,2026-05-22T13:53:37-07:00,1,13
style.css,270,css,5bf4c8ff,andrewyounucsd,2026-05-22,13:53:37,-07:00,2026-05-22T13:53:37-07:00,0,0
style.css,271,css,5bf4c8ff,andrewyounucsd,2026-05-22,13:53:37,-07:00,2026-05-22T13:53:37-07:00,0,0
style.css,272,css,5bf4c8ff,andrewyounucsd,2026-05-22,13:53:37,-07:00,2026-05-22T13:53:37-07:00,0,9
style.css,273,css,5bf4c8ff,andrewyounucsd,2026-05-22,13:53:37,-07:00,2026-05-22T13:53:37-07:00,1,13
style.css,274,css,5bf4c8ff,andrewyounucsd,2026-05-22,13:53:37,-07:00,2026-05-22T13:53:37-07:00,1,12
style.css,275,css,5bf4c8ff,andrewyounucsd,2026-05-22,13:53:37,-07:00,2026-05-22T13:53:37-07:00,1,14
style.css,276,css,5bf4c8ff,andrewyounucsd,2026-05-22,13:53:37,-07:00,2026-05-22T13:53:37-07:00,1,17
style.css,277,css,5bf4c8ff,andrewyounucsd,2026-05-22,13:53:37,-07:00,2026-05-22T13:53:37-07:00,1,19
style.css,278,css,5bf4c8ff,andrewyounucsd,2026-05-22,13:53:37,-07:00,2026-05-22T13:53:37-07:00,1,10
style.css,279,css,5bf4c8ff,andrewyounucsd,2026-05-22,13:53:37,-07:00,2026-05-22T13:53:37-07:00,1,17
style.css,280,css,5bf4c8ff,andrewyounucsd,2026-05-22,13:53:37,-07:00,2026-05-22T13:53:37-07:00,1,13
style.css,281,css,5bf4c8ff,andrewyounucsd,2026-05-22,13:53:37,-07:00,2026-05-22T13:53:37-07:00,0,0
style.css,282,css,5bf4c8ff,andrewyounucsd,2026-05-22,13:53:37,-07:00,2026-05-22T13:53:37-07:00,0,0
style.css,283,css,5bf4c8ff,andrewyounucsd,2026-05-22,13:53:37,-07:00,2026-05-22T13:53:37-07:00,0,4
style.css,284,css,5bf4c8ff,andrewyounucsd,2026-05-22,13:53:37,-07:00,2026-05-22T13:53:37-07:00,1,12
style.css,285,css,5bf4c8ff,andrewyounucsd,2026-05-22,13:53:37,-07:00,2026-05-22T13:53:37-07:00,1,11
style.css,286,css,5bf4c8ff,andrewyounucsd,2026-05-22,13:53:37,-07:00,2026-05-22T13:53:37-07:00,1,14
style.css,287,css,5bf4c8ff,andrewyounucsd,2026-05-22,13:53:37,-07:00,2026-05-22T13:53:37-07:00,1,34
style.css,288,css,5bf4c8ff,andrewyounucsd,2026-05-22,13:53:37,-07:00,2026-05-22T13:53:37-07:00,1,17
style.css,289,css,a244270f,andrewyounucsd,2026-05-22,15:09:41,-07:00,2026-05-22T15:09:41-07:00,0,0
style.css,290,css,a244270f,andrewyounucsd,2026-05-22,15:09:41,-07:00,2026-05-22T15:09:41-07:00,0,0
style.css,291,css,a244270f,andrewyounucsd,2026-05-22,15:09:41,-07:00,2026-05-22T15:09:41-07:00,0,10
style.css,292,css,a244270f,andrewyounucsd,2026-05-22,15:09:41,-07:00,2026-05-22T15:09:41-07:00,1,17
style.css,293,css,a244270f,andrewyounucsd,2026-05-22,15:09:41,-07:00,2026-05-22T15:09:41-07:00,1,12
style.css,294,css,a244270f,andrewyounucsd,2026-05-22,15:09:41,-07:00,2026-05-22T15:09:41-07:00,1,8
style.css,295,css,a244270f,andrewyounucsd,2026-05-22,15:09:41,-07:00,2026-05-22T15:09:41-07:00,0,0
style.css,296,css,a244270f,andrewyounucsd,2026-05-22,15:09:41,-07:00,2026-05-22T15:09:41-07:00,1,3
style.css,297,css,a244270f,andrewyounucsd,2026-05-22,15:09:41,-07:00,2026-05-22T15:09:41-07:00,2,6
style.css,298,css,a244270f,andrewyounucsd,2026-05-22,15:09:41,-07:00,2026-05-22T15:09:41-07:00,1,0
style.css,299,css,a244270f,andrewyounucsd,2026-05-22,15:09:41,-07:00,2026-05-22T15:09:41-07:00,0,0
style.css,300,css,a244270f,andrewyounucsd,2026-05-22,15:09:41,-07:00,2026-05-22T15:09:41-07:00,0,0
style.css,301,css,a244270f,andrewyounucsd,2026-05-22,15:09:41,-07:00,2026-05-22T15:09:41-07:00,0,14
style.css,302,css,a244270f,andrewyounucsd,2026-05-22,15:09:41,-07:00,2026-05-22T15:09:41-07:00,1,17
style.css,303,css,a244270f,andrewyounucsd,2026-05-22,15:09:41,-07:00,2026-05-22T15:09:41-07:00,0,0
style.css,304,css,a244270f,andrewyounucsd,2026-05-22,15:09:41,-07:00,2026-05-22T15:09:41-07:00,0,0
style.css,305,css,a244270f,andrewyounucsd,2026-05-22,15:09:41,-07:00,2026-05-22T15:09:41-07:00,0,13
style.css,306,css,a244270f,andrewyounucsd,2026-05-22,15:09:41,-07:00,2026-05-22T15:09:41-07:00,1,15
style.css,307,css,a244270f,andrewyounucsd,2026-05-22,15:09:41,-07:00,2026-05-22T15:09:41-07:00,1,5
style.css,308,css,a244270f,andrewyounucsd,2026-05-22,15:09:41,-07:00,2026-05-22T15:09:41-07:00,1,6
style.css,309,css,a244270f,andrewyounucsd,2026-05-22,15:09:41,-07:00,2026-05-22T15:09:41-07:00,1,11
style.css,310,css,a244270f,andrewyounucsd,2026-05-22,15:09:41,-07:00,2026-05-22T15:09:41-07:00,1,11
style.css,311,css,a244270f,andrewyounucsd,2026-05-22,15:09:41,-07:00,2026-05-22T15:09:41-07:00,0,0
style.css,312,css,a244270f,andrewyounucsd,2026-05-22,15:09:41,-07:00,2026-05-22T15:09:41-07:00,0,0
style.css,313,css,a244270f,andrewyounucsd,2026-05-22,15:09:41,-07:00,2026-05-22T15:09:41-07:00,0,5
style.css,314,css,a244270f,andrewyounucsd,2026-05-22,15:09:41,-07:00,2026-05-22T15:09:41-07:00,1,19
style.css,315,css,f5afe43d,andrewyounucsd,2026-04-03,15:55:56,-07:00,2026-04-03T15:55:56-07:00,0,0
index.js,1,js,1fc075b4,andrewyounucsd,2026-04-24,13:56:40,-07:00,2026-04-24T13:56:40-07:00,0,71
index.js,2,js,11548c96,andrewyounucsd,2026-04-24,13:53:19,-07:00,2026-04-24T13:53:19-07:00,0,0
index.js,3,js,11548c96,andrewyounucsd,2026-04-24,13:53:19,-07:00,2026-04-24T13:53:19-07:00,0,54
index.js,4,js,11548c96,andrewyounucsd,2026-04-24,13:53:19,-07:00,2026-04-24T13:53:19-07:00,0,42
index.js,5,js,11548c96,andrewyounucsd,2026-04-24,13:53:19,-07:00,2026-04-24T13:53:19-07:00,0,60
index.js,6,js,1fc075b4,andrewyounucsd,2026-04-24,13:56:40,-07:00,2026-04-24T13:56:40-07:00,0,54
index.js,7,js,1fc075b4,andrewyounucsd,2026-04-24,13:56:40,-07:00,2026-04-24T13:56:40-07:00,0,0
index.js,8,js,1fc075b4,andrewyounucsd,2026-04-24,13:56:40,-07:00,2026-04-24T13:56:40-07:00,0,57
index.js,9,js,1fc075b4,andrewyounucsd,2026-04-24,13:56:40,-07:00,2026-04-24T13:56:40-07:00,0,60
index.js,10,js,1fc075b4,andrewyounucsd,2026-04-24,13:56:40,-07:00,2026-04-24T13:56:40-07:00,0,0
index.js,11,js,1fc075b4,andrewyounucsd,2026-04-24,13:56:40,-07:00,2026-04-24T13:56:40-07:00,0,17
index.js,12,js,1fc075b4,andrewyounucsd,2026-04-24,13:56:40,-07:00,2026-04-24T13:56:40-07:00,1,24
index.js,13,js,1fc075b4,andrewyounucsd,2026-04-24,13:56:40,-07:00,2026-04-24T13:56:40-07:00,2,2
index.js,14,js,1fc075b4,andrewyounucsd,2026-04-24,13:56:40,-07:00,2026-04-24T13:56:40-07:00,3,55
index.js,15,js,1fc075b4,andrewyounucsd,2026-04-24,13:56:40,-07:00,2026-04-24T13:56:40-07:00,3,55
index.js,16,js,1fc075b4,andrewyounucsd,2026-04-24,13:56:40,-07:00,2026-04-24T13:56:40-07:00,3,49
index.js,17,js,1fc075b4,andrewyounucsd,2026-04-24,13:56:40,-07:00,2026-04-24T13:56:40-07:00,3,49
index.js,18,js,1fc075b4,andrewyounucsd,2026-04-24,13:56:40,-07:00,2026-04-24T13:56:40-07:00,2,3
index.js,19,js,1fc075b4,andrewyounucsd,2026-04-24,13:56:40,-07:00,2026-04-24T13:56:40-07:00,1,0
index.js,20,js,1fc075b4,andrewyounucsd,2026-04-24,13:56:40,-07:00,2026-04-24T13:56:40-07:00,0,0
index.html,1,html,072da5ff,andrewyounucsd,2026-04-03,13:45:53,-07:00,2026-04-03T13:45:53-07:00,0,13
index.html,2,html,072da5ff,andrewyounucsd,2026-04-03,13:45:53,-07:00,2026-04-03T13:45:53-07:00,0,14
index.html,3,html,072da5ff,andrewyounucsd,2026-04-03,13:45:53,-07:00,2026-04-03T13:45:53-07:00,0,4
index.html,4,html,072da5ff,andrewyounucsd,2026-04-03,13:45:53,-07:00,2026-04-03T13:45:53-07:00,2,20
index.html,5,html,072da5ff,andrewyounucsd,2026-04-03,13:45:53,-07:00,2026-04-03T13:45:53-07:00,2,68
index.html,6,html,072da5ff,andrewyounucsd,2026-04-03,13:45:53,-07:00,2026-04-03T13:45:53-07:00,2,53
index.html,7,html,f5afe43d,andrewyounucsd,2026-04-03,15:55:56,-07:00,2026-04-03T15:55:56-07:00,2,38
index.html,8,html,152fe6ab,andrewyounucsd,2026-04-16,17:34:28,-07:00,2026-04-16T17:34:28-07:00,2,45
index.html,9,html,072da5ff,andrewyounucsd,2026-04-03,13:45:53,-07:00,2026-04-03T13:45:53-07:00,0,5
index.html,10,html,072da5ff,andrewyounucsd,2026-04-03,13:45:53,-07:00,2026-04-03T13:45:53-07:00,0,4
index.html,11,html,072da5ff,andrewyounucsd,2026-04-03,13:45:53,-07:00,2026-04-03T13:45:53-07:00,2,18
index.html,12,html,072da5ff,andrewyounucsd,2026-04-03,13:45:53,-07:00,2026-04-03T13:45:53-07:00,2,62
index.html,13,html,072da5ff,andrewyounucsd,2026-04-03,13:45:53,-07:00,2026-04-03T13:45:53-07:00,4,63
index.html,14,html,072da5ff,andrewyounucsd,2026-04-03,13:45:53,-07:00,2026-04-03T13:45:53-07:00,4,63
index.html,15,html,072da5ff,andrewyounucsd,2026-04-03,13:45:53,-07:00,2026-04-03T13:45:53-07:00,4,5
index.html,16,html,072da5ff,andrewyounucsd,2026-04-03,13:45:53,-07:00,2026-04-03T13:45:53-07:00,2,2
index.html,17,html,cf0c8536,andrewyounucsd,2026-04-03,14:07:14,-07:00,2026-04-03T14:07:14-07:00,2,71
index.html,18,html,cf0c8536,andrewyounucsd,2026-04-03,14:07:14,-07:00,2026-04-03T14:07:14-07:00,2,28
index.html,19,html,11548c96,andrewyounucsd,2026-04-24,13:53:19,-07:00,2026-04-24T13:53:19-07:00,2,22
index.html,20,html,11548c96,andrewyounucsd,2026-04-24,13:53:19,-07:00,2026-04-24T13:53:19-07:00,2,26
index.html,21,html,1fc075b4,andrewyounucsd,2026-04-24,13:56:40,-07:00,2026-04-24T13:56:40-07:00,2,28
index.html,22,html,11548c96,andrewyounucsd,2026-04-24,13:53:19,-07:00,2026-04-24T13:53:19-07:00,2,50
index.html,23,html,072da5ff,andrewyounucsd,2026-04-03,13:45:53,-07:00,2026-04-03T13:45:53-07:00,0,5
index.html,24,html,072da5ff,andrewyounucsd,2026-04-03,13:45:53,-07:00,2026-04-03T13:45:53-07:00,0,5
global.js,1,js,5fb63fbb,andrewyounucsd,2026-04-16,17:59:55,-07:00,2026-04-16T17:59:55-07:00,0,25
global.js,2,js,152fe6ab,andrewyounucsd,2026-04-16,17:34:28,-07:00,2026-04-16T17:34:28-07:00,0,0
global.js,3,js,152fe6ab,andrewyounucsd,2026-04-16,17:34:28,-07:00,2026-04-16T17:34:28-07:00,0,41
global.js,4,js,152fe6ab,andrewyounucsd,2026-04-16,17:34:28,-07:00,2026-04-16T17:34:28-07:00,1,52
global.js,5,js,dbaad763,andrewyounucsd,2026-04-16,17:40:19,-07:00,2026-04-16T17:40:19-07:00,0,0
global.js,6,js,dbaad763,andrewyounucsd,2026-04-16,17:40:19,-07:00,2026-04-16T17:40:19-07:00,0,0
global.js,7,js,6745f218,andrewyounucsd,2026-04-16,17:46:51,-07:00,2026-04-16T17:46:51-07:00,0,11
global.js,8,js,6745f218,andrewyounucsd,2026-04-16,17:46:51,-07:00,2026-04-16T17:46:51-07:00,1,25
global.js,9,js,6745f218,andrewyounucsd,2026-04-16,17:46:51,-07:00,2026-04-16T17:46:51-07:00,1,38
global.js,10,js,6745f218,andrewyounucsd,2026-04-16,17:46:51,-07:00,2026-04-16T17:46:51-07:00,1,36
global.js,11,js,6745f218,andrewyounucsd,2026-04-16,17:46:51,-07:00,2026-04-16T17:46:51-07:00,1,34
global.js,12,js,6745f218,andrewyounucsd,2026-04-16,17:46:51,-07:00,2026-04-16T17:46:51-07:00,1,60
global.js,13,js,d494dd15,andrewyounucsd,2026-05-09,19:16:10,-07:00,2026-05-09T19:16:10-07:00,1,30
global.js,14,js,6745f218,andrewyounucsd,2026-04-16,17:46:51,-07:00,2026-04-16T17:46:51-07:00,0,0
global.js,15,js,dbaad763,andrewyounucsd,2026-04-16,17:40:19,-07:00,2026-04-16T17:40:19-07:00,0,0
global.js,16,js,6745f218,andrewyounucsd,2026-04-16,17:46:51,-07:00,2026-04-16T17:46:51-07:00,0,88
global.js,17,js,6745f218,andrewyounucsd,2026-04-16,17:46:51,-07:00,2026-04-16T17:46:51-07:00,1,3
global.js,18,js,6745f218,andrewyounucsd,2026-04-16,17:46:51,-07:00,2026-04-16T17:46:51-07:00,1,14
global.js,19,js,dbaad763,andrewyounucsd,2026-04-16,17:40:19,-07:00,2026-04-16T17:40:19-07:00,0,0
global.js,20,js,6745f218,andrewyounucsd,2026-04-16,17:46:51,-07:00,2026-04-16T17:46:51-07:00,0,38
global.js,21,js,6745f218,andrewyounucsd,2026-04-16,17:46:51,-07:00,2026-04-16T17:46:51-07:00,0,25
global.js,22,js,6745f218,andrewyounucsd,2026-04-16,17:46:51,-07:00,2026-04-16T17:46:51-07:00,0,0
global.js,23,js,6745f218,andrewyounucsd,2026-04-16,17:46:51,-07:00,2026-04-16T17:46:51-07:00,0,20
global.js,24,js,6745f218,andrewyounucsd,2026-04-16,17:46:51,-07:00,2026-04-16T17:46:51-07:00,1,14
global.js,25,js,6745f218,andrewyounucsd,2026-04-16,17:46:51,-07:00,2026-04-16T17:46:51-07:00,1,18
global.js,26,js,6745f218,andrewyounucsd,2026-04-16,17:46:51,-07:00,2026-04-16T17:46:51-07:00,0,0
global.js,27,js,6745f218,andrewyounucsd,2026-04-16,17:46:51,-07:00,2026-04-16T17:46:51-07:00,1,28
global.js,28,js,6745f218,andrewyounucsd,2026-04-16,17:46:51,-07:00,2026-04-16T17:46:51-07:00,2,20
global.js,29,js,6745f218,andrewyounucsd,2026-04-16,17:46:51,-07:00,2026-04-16T17:46:51-07:00,1,0
global.js,30,js,6745f218,andrewyounucsd,2026-04-16,17:46:51,-07:00,2026-04-16T17:46:51-07:00,0,0
global.js,31,js,6745f218,andrewyounucsd,2026-04-16,17:46:51,-07:00,2026-04-16T17:46:51-07:00,1,34
global.js,32,js,6745f218,andrewyounucsd,2026-04-16,17:46:51,-07:00,2026-04-16T17:46:51-07:00,1,11
global.js,33,js,6745f218,andrewyounucsd,2026-04-16,17:46:51,-07:00,2026-04-16T17:46:51-07:00,1,20
global.js,34,js,6745f218,andrewyounucsd,2026-04-16,17:46:51,-07:00,2026-04-16T17:46:51-07:00,1,12
global.js,35,js,6745f218,andrewyounucsd,2026-04-16,17:46:51,-07:00,2026-04-16T17:46:51-07:00,0,0
global.js,36,js,6745f218,andrewyounucsd,2026-04-16,17:46:51,-07:00,2026-04-16T17:46:51-07:00,1,65
global.js,37,js,6745f218,andrewyounucsd,2026-04-16,17:46:51,-07:00,2026-04-16T17:46:51-07:00,2,25
global.js,38,js,6745f218,andrewyounucsd,2026-04-16,17:46:51,-07:00,2026-04-16T17:46:51-07:00,1,0
global.js,39,js,4699ba11,andrewyounucsd,2026-04-16,18:03:20,-07:00,2026-04-16T18:03:20-07:00,0,0
global.js,40,js,4699ba11,andrewyounucsd,2026-04-16,18:03:20,-07:00,2026-04-16T18:03:20-07:00,0,0
global.js,41,js,3378728d,andrewyounucsd,2026-04-16,18:07:40,-07:00,2026-04-16T18:07:40-07:00,0,21
global.js,42,js,3378728d,andrewyounucsd,2026-04-16,18:07:40,-07:00,2026-04-16T18:07:40-07:00,1,9
global.js,43,js,4699ba11,andrewyounucsd,2026-04-16,18:03:20,-07:00,2026-04-16T18:03:20-07:00,1,27
global.js,44,js,4699ba11,andrewyounucsd,2026-04-16,18:03:20,-07:00,2026-04-16T18:03:20-07:00,2,4
global.js,45,js,4699ba11,andrewyounucsd,2026-04-16,18:03:20,-07:00,2026-04-16T18:03:20-07:00,2,6
global.js,46,js,4699ba11,andrewyounucsd,2026-04-16,18:03:20,-07:00,2026-04-16T18:03:20-07:00,3,43
global.js,47,js,4699ba11,andrewyounucsd,2026-04-16,18:03:20,-07:00,2026-04-16T18:03:20-07:00,3,34
global.js,48,js,4699ba11,andrewyounucsd,2026-04-16,18:03:20,-07:00,2026-04-16T18:03:20-07:00,3,32
global.js,49,js,4699ba11,andrewyounucsd,2026-04-16,18:03:20,-07:00,2026-04-16T18:03:20-07:00,2,7
global.js,50,js,4699ba11,andrewyounucsd,2026-04-16,18:03:20,-07:00,2026-04-16T18:03:20-07:00,1,8
global.js,51,js,64f4ac28,andrewyounucsd,2026-04-16,18:16:55,-07:00,2026-04-16T18:16:55-07:00,0,0
global.js,52,js,64f4ac28,andrewyounucsd,2026-04-16,18:16:55,-07:00,2026-04-16T18:16:55-07:00,0,0
global.js,53,js,64f4ac28,andrewyounucsd,2026-04-16,18:16:55,-07:00,2026-04-16T18:16:55-07:00,0,58
global.js,54,js,64f4ac28,andrewyounucsd,2026-04-16,18:16:55,-07:00,2026-04-16T18:16:55-07:00,0,0
global.js,55,js,64f4ac28,andrewyounucsd,2026-04-16,18:16:55,-07:00,2026-04-16T18:16:55-07:00,0,49
global.js,56,js,64f4ac28,andrewyounucsd,2026-04-16,18:16:55,-07:00,2026-04-16T18:16:55-07:00,1,77
global.js,57,js,64f4ac28,andrewyounucsd,2026-04-16,18:16:55,-07:00,2026-04-16T18:16:55-07:00,1,44
global.js,58,js,64f4ac28,andrewyounucsd,2026-04-16,18:16:55,-07:00,2026-04-16T18:16:55-07:00,0,1
global.js,59,js,64f4ac28,andrewyounucsd,2026-04-16,18:16:55,-07:00,2026-04-16T18:16:55-07:00,0,0
global.js,60,js,64f4ac28,andrewyounucsd,2026-04-16,18:16:55,-07:00,2026-04-16T18:16:55-07:00,0,34
global.js,61,js,64f4ac28,andrewyounucsd,2026-04-16,18:16:55,-07:00,2026-04-16T18:16:55-07:00,1,83
global.js,62,js,64f4ac28,andrewyounucsd,2026-04-16,18:16:55,-07:00,2026-04-16T18:16:55-07:00,1,38
global.js,63,js,8d5f2e7b,andrewyounucsd,2026-04-16,18:25:54,-07:00,2026-04-16T18:25:54-07:00,0,0
global.js,64,js,8d5f2e7b,andrewyounucsd,2026-04-16,18:25:54,-07:00,2026-04-16T18:25:54-07:00,0,0
global.js,65,js,8d5f2e7b,andrewyounucsd,2026-04-16,18:25:54,-07:00,2026-04-16T18:25:54-07:00,0,40
global.js,66,js,8d5f2e7b,andrewyounucsd,2026-04-16,18:25:54,-07:00,2026-04-16T18:25:54-07:00,0,0
global.js,67,js,8d5f2e7b,andrewyounucsd,2026-04-16,18:25:54,-07:00,2026-04-16T18:25:54-07:00,0,49
global.js,68,js,8d5f2e7b,andrewyounucsd,2026-04-16,18:25:54,-07:00,2026-04-16T18:25:54-07:00,1,21
global.js,69,js,8d5f2e7b,andrewyounucsd,2026-04-16,18:25:54,-07:00,2026-04-16T18:25:54-07:00,1,0
global.js,70,js,8d5f2e7b,andrewyounucsd,2026-04-16,18:25:54,-07:00,2026-04-16T18:25:54-07:00,1,28
global.js,71,js,8d5f2e7b,andrewyounucsd,2026-04-16,18:25:54,-07:00,2026-04-16T18:25:54-07:00,1,26
global.js,72,js,8d5f2e7b,andrewyounucsd,2026-04-16,18:25:54,-07:00,2026-04-16T18:25:54-07:00,1,0
global.js,73,js,8d5f2e7b,andrewyounucsd,2026-04-16,18:25:54,-07:00,2026-04-16T18:25:54-07:00,1,31
global.js,74,js,8d5f2e7b,andrewyounucsd,2026-04-16,18:25:54,-07:00,2026-04-16T18:25:54-07:00,2,45
global.js,75,js,8d5f2e7b,andrewyounucsd,2026-04-16,18:25:54,-07:00,2026-04-16T18:25:54-07:00,1,0
global.js,76,js,8d5f2e7b,andrewyounucsd,2026-04-16,18:25:54,-07:00,2026-04-16T18:25:54-07:00,1,0
global.js,77,js,8d5f2e7b,andrewyounucsd,2026-04-16,18:25:54,-07:00,2026-04-16T18:25:54-07:00,1,42
global.js,78,js,8d5f2e7b,andrewyounucsd,2026-04-16,18:25:54,-07:00,2026-04-16T18:25:54-07:00,1,18
global.js,79,js,d733233e,andrewyounucsd,2026-04-24,13:44:15,-07:00,2026-04-24T13:44:15-07:00,0,1
global.js,80,js,d733233e,andrewyounucsd,2026-04-24,13:44:15,-07:00,2026-04-24T13:44:15-07:00,0,0
global.js,81,js,d733233e,andrewyounucsd,2026-04-24,13:44:15,-07:00,2026-04-24T13:44:15-07:00,0,36
global.js,82,js,d733233e,andrewyounucsd,2026-04-24,13:44:15,-07:00,2026-04-24T13:44:15-07:00,1,3
global.js,83,js,d733233e,andrewyounucsd,2026-04-24,13:44:15,-07:00,2026-04-24T13:44:15-07:00,2,32
global.js,84,js,d733233e,andrewyounucsd,2026-04-24,13:44:15,-07:00,2026-04-24T13:44:15-07:00,2,17
global.js,85,js,d733233e,andrewyounucsd,2026-04-24,13:44:15,-07:00,2026-04-24T13:44:15-07:00,3,66
global.js,86,js,d733233e,andrewyounucsd,2026-04-24,13:44:15,-07:00,2026-04-24T13:44:15-07:00,2,0
global.js,87,js,d733233e,andrewyounucsd,2026-04-24,13:44:15,-07:00,2026-04-24T13:44:15-07:00,2,33
global.js,88,js,d733233e,andrewyounucsd,2026-04-24,13:44:15,-07:00,2026-04-24T13:44:15-07:00,2,10
global.js,89,js,d733233e,andrewyounucsd,2026-04-24,13:44:15,-07:00,2026-04-24T13:44:15-07:00,1,15
global.js,90,js,d733233e,andrewyounucsd,2026-04-24,13:44:15,-07:00,2026-04-24T13:44:15-07:00,2,59
global.js,91,js,d733233e,andrewyounucsd,2026-04-24,13:44:15,-07:00,2026-04-24T13:44:15-07:00,1,0
global.js,92,js,d733233e,andrewyounucsd,2026-04-24,13:44:15,-07:00,2026-04-24T13:44:15-07:00,0,0
global.js,93,js,d733233e,andrewyounucsd,2026-04-24,13:44:15,-07:00,2026-04-24T13:44:15-07:00,0,0
global.js,94,js,d733233e,andrewyounucsd,2026-04-24,13:44:15,-07:00,2026-04-24T13:44:15-07:00,0,79
global.js,95,js,d733233e,andrewyounucsd,2026-04-24,13:44:15,-07:00,2026-04-24T13:44:15-07:00,1,30
global.js,96,js,d733233e,andrewyounucsd,2026-04-24,13:44:15,-07:00,2026-04-24T13:44:15-07:00,1,29
global.js,97,js,d733233e,andrewyounucsd,2026-04-24,13:44:15,-07:00,2026-04-24T13:44:15-07:00,2,48
global.js,98,js,d733233e,andrewyounucsd,2026-04-24,13:44:15,-07:00,2026-04-24T13:44:15-07:00,2,19
global.js,99,js,f6b8e603,andrewyounucsd,2026-05-15,20:03:19,-07:00,2026-05-15T20:03:19-07:00,3,129
global.js,100,js,d733233e,andrewyounucsd,2026-04-24,13:44:15,-07:00,2026-04-24T13:44:15-07:00,3,49
global.js,101,js,0292ad22,andrewyounucsd,2026-05-01,20:19:19,-07:00,2026-05-01T20:19:19-07:00,3,3
global.js,102,js,f6b8e603,andrewyounucsd,2026-05-15,20:03:19,-07:00,2026-05-15T20:03:19-07:00,4,27
global.js,103,js,0292ad22,andrewyounucsd,2026-05-01,20:19:19,-07:00,2026-05-01T20:19:19-07:00,4,41
global.js,104,js,0292ad22,andrewyounucsd,2026-05-01,20:19:19,-07:00,2026-05-01T20:19:19-07:00,3,4
global.js,105,js,d733233e,andrewyounucsd,2026-04-24,13:44:15,-07:00,2026-04-24T13:44:15-07:00,2,0
global.js,106,js,d733233e,andrewyounucsd,2026-04-24,13:44:15,-07:00,2026-04-24T13:44:15-07:00,2,36
global.js,107,js,d733233e,andrewyounucsd,2026-04-24,13:44:15,-07:00,2026-04-24T13:44:15-07:00,1,0
global.js,108,js,1fc075b4,andrewyounucsd,2026-04-24,13:56:40,-07:00,2026-04-24T13:56:40-07:00,0,0
global.js,109,js,1fc075b4,andrewyounucsd,2026-04-24,13:56:40,-07:00,2026-04-24T13:56:40-07:00,0,0
global.js,110,js,1fc075b4,andrewyounucsd,2026-04-24,13:56:40,-07:00,2026-04-24T13:56:40-07:00,0,47
global.js,111,js,1fc075b4,andrewyounucsd,2026-04-24,13:56:40,-07:00,2026-04-24T13:56:40-07:00,1,59
global.js,112,js,d733233e,andrewyounucsd,2026-04-24,13:44:15,-07:00,2026-04-24T13:44:15-07:00,0,0
resume/index.html,1,html,b152498e,andrewyounucsd,2026-04-03,16:14:52,-07:00,2026-04-03T16:14:52-07:00,0,13
resume/index.html,2,html,b152498e,andrewyounucsd,2026-04-03,16:14:52,-07:00,2026-04-03T16:14:52-07:00,0,14
resume/index.html,3,html,b152498e,andrewyounucsd,2026-04-03,16:14:52,-07:00,2026-04-03T16:14:52-07:00,0,4
resume/index.html,4,html,b152498e,andrewyounucsd,2026-04-03,16:14:52,-07:00,2026-04-03T16:14:52-07:00,2,20
resume/index.html,5,html,b152498e,andrewyounucsd,2026-04-03,16:14:52,-07:00,2026-04-03T16:14:52-07:00,2,68
resume/index.html,6,html,b152498e,andrewyounucsd,2026-04-03,16:14:52,-07:00,2026-04-03T16:14:52-07:00,2,19
resume/index.html,7,html,90d5ce1d,andrewyounucsd,2026-04-10,00:50:08,-07:00,2026-04-10T00:50:08-07:00,2,41
resume/index.html,8,html,152fe6ab,andrewyounucsd,2026-04-16,17:34:28,-07:00,2026-04-16T17:34:28-07:00,2,48
resume/index.html,9,html,b152498e,andrewyounucsd,2026-04-03,16:14:52,-07:00,2026-04-03T16:14:52-07:00,0,5
resume/index.html,10,html,6e76918c,andrewyounucsd,2026-04-10,02:10:43,-07:00,2026-04-10T02:10:43-07:00,0,19
resume/index.html,11,html,b152498e,andrewyounucsd,2026-04-03,16:14:52,-07:00,2026-04-03T16:14:52-07:00,2,13
resume/index.html,12,html,b152498e,andrewyounucsd,2026-04-03,16:14:52,-07:00,2026-04-03T16:14:52-07:00,0,0
resume/index.html,13,html,b152498e,andrewyounucsd,2026-04-03,16:14:52,-07:00,2026-04-03T16:14:52-07:00,2,7
resume/index.html,14,html,b152498e,andrewyounucsd,2026-04-03,16:14:52,-07:00,2026-04-03T16:14:52-07:00,4,16
resume/index.html,15,html,2c09506f,andrewyounucsd,2026-04-03,18:10:08,-07:00,2026-04-03T18:10:08-07:00,4,0
resume/index.html,16,html,b152498e,andrewyounucsd,2026-04-03,16:14:52,-07:00,2026-04-03T16:14:52-07:00,4,7
resume/index.html,17,html,b152498e,andrewyounucsd,2026-04-03,16:14:52,-07:00,2026-04-03T16:14:52-07:00,6,6
resume/index.html,18,html,2c09506f,andrewyounucsd,2026-04-03,18:10:08,-07:00,2026-04-03T18:10:08-07:00,8,29
resume/index.html,19,html,2c09506f,andrewyounucsd,2026-04-03,18:10:08,-07:00,2026-04-03T18:10:08-07:00,8,67
resume/index.html,20,html,b152498e,andrewyounucsd,2026-04-03,16:14:52,-07:00,2026-04-03T16:14:52-07:00,6,7
resume/index.html,21,html,b152498e,andrewyounucsd,2026-04-03,16:14:52,-07:00,2026-04-03T16:14:52-07:00,4,8
resume/index.html,22,html,5eba597c,andrewyounucsd,2026-04-03,18:09:06,-07:00,2026-04-03T18:09:06-07:00,0,0
resume/index.html,23,html,b152498e,andrewyounucsd,2026-04-03,16:14:52,-07:00,2026-04-03T16:14:52-07:00,4,7
resume/index.html,24,html,b152498e,andrewyounucsd,2026-04-03,16:14:52,-07:00,2026-04-03T16:14:52-07:00,6,6
resume/index.html,25,html,2c09506f,andrewyounucsd,2026-04-03,18:10:08,-07:00,2026-04-03T18:10:08-07:00,8,41
resume/index.html,26,html,2c09506f,andrewyounucsd,2026-04-03,18:10:08,-07:00,2026-04-03T18:10:08-07:00,8,67
resume/index.html,27,html,b152498e,andrewyounucsd,2026-04-03,16:14:52,-07:00,2026-04-03T16:14:52-07:00,6,7
resume/index.html,28,html,2c09506f,andrewyounucsd,2026-04-03,18:10:08,-07:00,2026-04-03T18:10:08-07:00,6,25
resume/index.html,29,html,b152498e,andrewyounucsd,2026-04-03,16:14:52,-07:00,2026-04-03T16:14:52-07:00,4,8
resume/index.html,30,html,b152498e,andrewyounucsd,2026-04-03,16:14:52,-07:00,2026-04-03T16:14:52-07:00,2,8
resume/index.html,31,html,5eba597c,andrewyounucsd,2026-04-03,18:09:06,-07:00,2026-04-03T18:09:06-07:00,0,0
resume/index.html,32,html,5eba597c,andrewyounucsd,2026-04-03,18:09:06,-07:00,2026-04-03T18:09:06-07:00,2,7
resume/index.html,33,html,5eba597c,andrewyounucsd,2026-04-03,18:09:06,-07:00,2026-04-03T18:09:06-07:00,4,22
resume/index.html,34,html,5eba597c,andrewyounucsd,2026-04-03,18:09:06,-07:00,2026-04-03T18:09:06-07:00,4,7
resume/index.html,35,html,5eba597c,andrewyounucsd,2026-04-03,18:09:06,-07:00,2026-04-03T18:09:06-07:00,6,6
resume/index.html,36,html,5eba597c,andrewyounucsd,2026-04-03,18:09:06,-07:00,2026-04-03T18:09:06-07:00,8,28
resume/index.html,37,html,5eba597c,andrewyounucsd,2026-04-03,18:09:06,-07:00,2026-04-03T18:09:06-07:00,8,67
resume/index.html,38,html,5eba597c,andrewyounucsd,2026-04-03,18:09:06,-07:00,2026-04-03T18:09:06-07:00,6,7
resume/index.html,39,html,5eba597c,andrewyounucsd,2026-04-03,18:09:06,-07:00,2026-04-03T18:09:06-07:00,6,36
resume/index.html,40,html,5eba597c,andrewyounucsd,2026-04-03,18:09:06,-07:00,2026-04-03T18:09:06-07:00,4,8
resume/index.html,41,html,5eba597c,andrewyounucsd,2026-04-03,18:09:06,-07:00,2026-04-03T18:09:06-07:00,0,0
resume/index.html,42,html,5eba597c,andrewyounucsd,2026-04-03,18:09:06,-07:00,2026-04-03T18:09:06-07:00,4,7
resume/index.html,43,html,5eba597c,andrewyounucsd,2026-04-03,18:09:06,-07:00,2026-04-03T18:09:06-07:00,6,6
resume/index.html,44,html,5eba597c,andrewyounucsd,2026-04-03,18:09:06,-07:00,2026-04-03T18:09:06-07:00,8,32
resume/index.html,45,html,5eba597c,andrewyounucsd,2026-04-03,18:09:06,-07:00,2026-04-03T18:09:06-07:00,8,67
resume/index.html,46,html,5eba597c,andrewyounucsd,2026-04-03,18:09:06,-07:00,2026-04-03T18:09:06-07:00,6,7
resume/index.html,47,html,5eba597c,andrewyounucsd,2026-04-03,18:09:06,-07:00,2026-04-03T18:09:06-07:00,6,46
resume/index.html,48,html,5eba597c,andrewyounucsd,2026-04-03,18:09:06,-07:00,2026-04-03T18:09:06-07:00,4,8
resume/index.html,49,html,5eba597c,andrewyounucsd,2026-04-03,18:09:06,-07:00,2026-04-03T18:09:06-07:00,0,0
resume/index.html,50,html,5eba597c,andrewyounucsd,2026-04-03,18:09:06,-07:00,2026-04-03T18:09:06-07:00,4,7
resume/index.html,51,html,5eba597c,andrewyounucsd,2026-04-03,18:09:06,-07:00,2026-04-03T18:09:06-07:00,6,6
resume/index.html,52,html,5eba597c,andrewyounucsd,2026-04-03,18:09:06,-07:00,2026-04-03T18:09:06-07:00,8,32
resume/index.html,53,html,5eba597c,andrewyounucsd,2026-04-03,18:09:06,-07:00,2026-04-03T18:09:06-07:00,8,67
resume/index.html,54,html,5eba597c,andrewyounucsd,2026-04-03,18:09:06,-07:00,2026-04-03T18:09:06-07:00,6,7
resume/index.html,55,html,5eba597c,andrewyounucsd,2026-04-03,18:09:06,-07:00,2026-04-03T18:09:06-07:00,6,65
resume/index.html,56,html,5eba597c,andrewyounucsd,2026-04-03,18:09:06,-07:00,2026-04-03T18:09:06-07:00,4,8
resume/index.html,57,html,5eba597c,andrewyounucsd,2026-04-03,18:09:06,-07:00,2026-04-03T18:09:06-07:00,0,0
resume/index.html,58,html,5eba597c,andrewyounucsd,2026-04-03,18:09:06,-07:00,2026-04-03T18:09:06-07:00,2,8
resume/index.html,59,html,5eba597c,andrewyounucsd,2026-04-03,18:09:06,-07:00,2026-04-03T18:09:06-07:00,0,0
resume/index.html,60,html,5eba597c,andrewyounucsd,2026-04-03,18:09:06,-07:00,2026-04-03T18:09:06-07:00,2,7
resume/index.html,61,html,5eba597c,andrewyounucsd,2026-04-03,18:09:06,-07:00,2026-04-03T18:09:06-07:00,4,13
resume/index.html,62,html,5eba597c,andrewyounucsd,2026-04-03,18:09:06,-07:00,2026-04-03T18:09:06-07:00,4,2
resume/index.html,63,html,5eba597c,andrewyounucsd,2026-04-03,18:09:06,-07:00,2026-04-03T18:09:06-07:00,6,17
resume/index.html,64,html,5eba597c,andrewyounucsd,2026-04-03,18:09:06,-07:00,2026-04-03T18:09:06-07:00,6,13
resume/index.html,65,html,5eba597c,andrewyounucsd,2026-04-03,18:09:06,-07:00,2026-04-03T18:09:06-07:00,6,21
resume/index.html,66,html,5eba597c,andrewyounucsd,2026-04-03,18:09:06,-07:00,2026-04-03T18:09:06-07:00,4,3
resume/index.html,67,html,5eba597c,andrewyounucsd,2026-04-03,18:09:06,-07:00,2026-04-03T18:09:06-07:00,2,8
resume/index.html,68,html,5eba597c,andrewyounucsd,2026-04-03,18:09:06,-07:00,2026-04-03T18:09:06-07:00,0,0
resume/index.html,69,html,b152498e,andrewyounucsd,2026-04-03,16:14:52,-07:00,2026-04-03T16:14:52-07:00,0,5
resume/index.html,70,html,b152498e,andrewyounucsd,2026-04-03,16:14:52,-07:00,2026-04-03T16:14:52-07:00,0,5
projects/projects.js,1,js,d733233e,andrewyounucsd,2026-04-24,13:44:15,-07:00,2026-04-24T13:44:15-07:00,0,55
projects/projects.js,2,js,eb265bf1,andrewyounucsd,2026-05-01,20:26:12,-07:00,2026-05-01T20:26:12-07:00,0,63
projects/projects.js,3,js,d733233e,andrewyounucsd,2026-04-24,13:44:15,-07:00,2026-04-24T13:44:15-07:00,0,0
projects/projects.js,4,js,d733233e,andrewyounucsd,2026-04-24,13:44:15,-07:00,2026-04-24T13:44:15-07:00,0,55
projects/projects.js,5,js,d733233e,andrewyounucsd,2026-04-24,13:44:15,-07:00,2026-04-24T13:44:15-07:00,0,60
projects/projects.js,6,js,d733233e,andrewyounucsd,2026-04-24,13:44:15,-07:00,2026-04-24T13:44:15-07:00,0,0
projects/projects.js,7,js,2d22484c,andrewyounucsd,2026-04-24,13:50:57,-07:00,2026-04-24T13:50:57-07:00,0,62
projects/projects.js,8,js,2d22484c,andrewyounucsd,2026-04-24,13:50:57,-07:00,2026-04-24T13:50:57-07:00,0,56
projects/projects.js,9,js,eb265bf1,andrewyounucsd,2026-05-01,20:26:12,-07:00,2026-05-01T20:26:12-07:00,0,0
projects/projects.js,10,js,eb265bf1,andrewyounucsd,2026-05-01,20:26:12,-07:00,2026-05-01T20:26:12-07:00,0,57
projects/projects.js,11,js,be831d25,andrewyounucsd,2026-05-01,20:31:38,-07:00,2026-05-01T20:31:38-07:00,0,47
projects/projects.js,12,js,0576b99c,andrewyounucsd,2026-05-01,20:34:25,-07:00,2026-05-01T20:34:25-07:00,0,21
projects/projects.js,13,js,a0695562,andrewyounucsd,2026-05-01,20:40:45,-07:00,2026-05-01T20:40:45-07:00,0,13
projects/projects.js,14,js,a0695562,andrewyounucsd,2026-05-01,20:40:45,-07:00,2026-05-01T20:40:45-07:00,0,0
projects/projects.js,15,js,a0695562,andrewyounucsd,2026-05-01,20:40:45,-07:00,2026-05-01T20:40:45-07:00,0,30
projects/projects.js,16,js,a0695562,andrewyounucsd,2026-05-01,20:40:45,-07:00,2026-05-01T20:40:45-07:00,1,35
projects/projects.js,17,js,a0695562,andrewyounucsd,2026-05-01,20:40:45,-07:00,2026-05-01T20:40:45-07:00,2,59
projects/projects.js,18,js,a0695562,andrewyounucsd,2026-05-01,20:40:45,-07:00,2026-05-01T20:40:45-07:00,2,42
projects/projects.js,19,js,a0695562,andrewyounucsd,2026-05-01,20:40:45,-07:00,2026-05-01T20:40:45-07:00,1,1
projects/projects.js,20,js,a0695562,andrewyounucsd,2026-05-01,20:40:45,-07:00,2026-05-01T20:40:45-07:00,0,0
projects/projects.js,21,js,eb265bf1,andrewyounucsd,2026-05-01,20:26:12,-07:00,2026-05-01T20:26:12-07:00,0,0
projects/projects.js,22,js,be831d25,andrewyounucsd,2026-05-01,20:31:38,-07:00,2026-05-01T20:31:38-07:00,0,38
projects/projects.js,23,js,be831d25,andrewyounucsd,2026-05-01,20:31:38,-07:00,2026-05-01T20:31:38-07:00,1,26
projects/projects.js,24,js,be831d25,andrewyounucsd,2026-05-01,20:31:38,-07:00,2026-05-01T20:31:38-07:00,2,12
projects/projects.js,25,js,be831d25,andrewyounucsd,2026-05-01,20:31:38,-07:00,2026-05-01T20:31:38-07:00,2,14
projects/projects.js,26,js,be831d25,andrewyounucsd,2026-05-01,20:31:38,-07:00,2026-05-01T20:31:38-07:00,2,12
projects/projects.js,27,js,be831d25,andrewyounucsd,2026-05-01,20:31:38,-07:00,2026-05-01T20:31:38-07:00,1,0
projects/projects.js,28,js,eb265bf1,andrewyounucsd,2026-05-01,20:26:12,-07:00,2026-05-01T20:26:12-07:00,0,0
projects/projects.js,29,js,be831d25,andrewyounucsd,2026-05-01,20:31:38,-07:00,2026-05-01T20:31:38-07:00,1,44
projects/projects.js,30,js,be831d25,andrewyounucsd,2026-05-01,20:31:38,-07:00,2026-05-01T20:31:38-07:00,2,35
projects/projects.js,31,js,be831d25,andrewyounucsd,2026-05-01,20:31:38,-07:00,2026-05-01T20:31:38-07:00,1,1
projects/projects.js,32,js,eb265bf1,andrewyounucsd,2026-05-01,20:26:12,-07:00,2026-05-01T20:26:12-07:00,0,0
projects/projects.js,33,js,be831d25,andrewyounucsd,2026-05-01,20:31:38,-07:00,2026-05-01T20:31:38-07:00,1,50
projects/projects.js,34,js,be831d25,andrewyounucsd,2026-05-01,20:31:38,-07:00,2026-05-01T20:31:38-07:00,1,33
projects/projects.js,35,js,be831d25,andrewyounucsd,2026-05-01,20:31:38,-07:00,2026-05-01T20:31:38-07:00,1,45
projects/projects.js,36,js,eb265bf1,andrewyounucsd,2026-05-01,20:26:12,-07:00,2026-05-01T20:26:12-07:00,0,0
projects/projects.js,37,js,be831d25,andrewyounucsd,2026-05-01,20:31:38,-07:00,2026-05-01T20:31:38-07:00,1,42
projects/projects.js,38,js,be831d25,andrewyounucsd,2026-05-01,20:31:38,-07:00,2026-05-01T20:31:38-07:00,1,44
projects/projects.js,39,js,be831d25,andrewyounucsd,2026-05-01,20:31:38,-07:00,2026-05-01T20:31:38-07:00,0,0
projects/projects.js,40,js,0576b99c,andrewyounucsd,2026-05-01,20:34:25,-07:00,2026-05-01T20:34:25-07:00,1,25
projects/projects.js,41,js,be831d25,andrewyounucsd,2026-05-01,20:31:38,-07:00,2026-05-01T20:31:38-07:00,1,26
projects/projects.js,42,js,0576b99c,andrewyounucsd,2026-05-01,20:34:25,-07:00,2026-05-01T20:34:25-07:00,2,1
projects/projects.js,43,js,be831d25,andrewyounucsd,2026-05-01,20:31:38,-07:00,2026-05-01T20:31:38-07:00,3,13
projects/projects.js,44,js,be831d25,andrewyounucsd,2026-05-01,20:31:38,-07:00,2026-05-01T20:31:38-07:00,3,13
projects/projects.js,45,js,0576b99c,andrewyounucsd,2026-05-01,20:34:25,-07:00,2026-05-01T20:34:25-07:00,3,24
projects/projects.js,46,js,0576b99c,andrewyounucsd,2026-05-01,20:34:25,-07:00,2026-05-01T20:34:25-07:00,3,53
projects/projects.js,47,js,0576b99c,andrewyounucsd,2026-05-01,20:34:25,-07:00,2026-05-01T20:34:25-07:00,3,18
projects/projects.js,48,js,0576b99c,andrewyounucsd,2026-05-01,20:34:25,-07:00,2026-05-01T20:34:25-07:00,4,47
projects/projects.js,49,js,0576b99c,andrewyounucsd,2026-05-01,20:34:25,-07:00,2026-05-01T20:34:25-07:00,0,0
projects/projects.js,50,js,0576b99c,andrewyounucsd,2026-05-01,20:34:25,-07:00,2026-05-01T20:34:25-07:00,4,1
projects/projects.js,51,js,0576b99c,andrewyounucsd,2026-05-01,20:34:25,-07:00,2026-05-01T20:34:25-07:00,5,16
projects/projects.js,52,js,0576b99c,andrewyounucsd,2026-05-01,20:34:25,-07:00,2026-05-01T20:34:25-07:00,5,62
projects/projects.js,53,js,0576b99c,andrewyounucsd,2026-05-01,20:34:25,-07:00,2026-05-01T20:34:25-07:00,0,0
projects/projects.js,54,js,0576b99c,andrewyounucsd,2026-05-01,20:34:25,-07:00,2026-05-01T20:34:25-07:00,4,18
projects/projects.js,55,js,0576b99c,andrewyounucsd,2026-05-01,20:34:25,-07:00,2026-05-01T20:34:25-07:00,5,14
projects/projects.js,56,js,0576b99c,andrewyounucsd,2026-05-01,20:34:25,-07:00,2026-05-01T20:34:25-07:00,5,85
projects/projects.js,57,js,0576b99c,andrewyounucsd,2026-05-01,20:34:25,-07:00,2026-05-01T20:34:25-07:00,0,0
projects/projects.js,58,js,a0695562,andrewyounucsd,2026-05-01,20:40:45,-07:00,2026-05-01T20:40:45-07:00,4,42
projects/projects.js,59,js,a0695562,andrewyounucsd,2026-05-01,20:40:45,-07:00,2026-05-01T20:40:45-07:00,0,0
projects/projects.js,60,js,0576b99c,andrewyounucsd,2026-05-01,20:34:25,-07:00,2026-05-01T20:34:25-07:00,4,25
projects/projects.js,61,js,a0695562,andrewyounucsd,2026-05-01,20:40:45,-07:00,2026-05-01T20:40:45-07:00,5,55
projects/projects.js,62,js,0576b99c,andrewyounucsd,2026-05-01,20:34:25,-07:00,2026-05-01T20:34:25-07:00,4,6
projects/projects.js,63,js,0576b99c,andrewyounucsd,2026-05-01,20:34:25,-07:00,2026-05-01T20:34:25-07:00,5,43
projects/projects.js,64,js,a0695562,andrewyounucsd,2026-05-01,20:40:45,-07:00,2026-05-01T20:40:45-07:00,5,75
projects/projects.js,65,js,0576b99c,andrewyounucsd,2026-05-01,20:34:25,-07:00,2026-05-01T20:34:25-07:00,5,56
projects/projects.js,66,js,0576b99c,andrewyounucsd,2026-05-01,20:34:25,-07:00,2026-05-01T20:34:25-07:00,4,0
projects/projects.js,67,js,0576b99c,andrewyounucsd,2026-05-01,20:34:25,-07:00,2026-05-01T20:34:25-07:00,3,1
projects/projects.js,68,js,be831d25,andrewyounucsd,2026-05-01,20:31:38,-07:00,2026-05-01T20:31:38-07:00,1,1
projects/projects.js,69,js,be831d25,andrewyounucsd,2026-05-01,20:31:38,-07:00,2026-05-01T20:31:38-07:00,0,0
projects/projects.js,70,js,be831d25,andrewyounucsd,2026-05-01,20:31:38,-07:00,2026-05-01T20:31:38-07:00,1,32
projects/projects.js,71,js,be831d25,andrewyounucsd,2026-05-01,20:31:38,-07:00,2026-05-01T20:31:38-07:00,1,24
projects/projects.js,72,js,be831d25,andrewyounucsd,2026-05-01,20:31:38,-07:00,2026-05-01T20:31:38-07:00,2,4
projects/projects.js,73,js,be831d25,andrewyounucsd,2026-05-01,20:31:38,-07:00,2026-05-01T20:31:38-07:00,3,11
projects/projects.js,74,js,be831d25,andrewyounucsd,2026-05-01,20:31:38,-07:00,2026-05-01T20:31:38-07:00,3,38
projects/projects.js,75,js,0576b99c,andrewyounucsd,2026-05-01,20:34:25,-07:00,2026-05-01T20:34:25-07:00,3,76
projects/projects.js,76,js,be831d25,andrewyounucsd,2026-05-01,20:31:38,-07:00,2026-05-01T20:31:38-07:00,3,69
projects/projects.js,77,js,be831d25,andrewyounucsd,2026-05-01,20:31:38,-07:00,2026-05-01T20:31:38-07:00,1,1
projects/projects.js,78,js,be831d25,andrewyounucsd,2026-05-01,20:31:38,-07:00,2026-05-01T20:31:38-07:00,0,0
projects/projects.js,79,js,be831d25,andrewyounucsd,2026-05-01,20:31:38,-07:00,2026-05-01T20:31:38-07:00,0,0
projects/projects.js,80,js,be831d25,andrewyounucsd,2026-05-01,20:31:38,-07:00,2026-05-01T20:31:38-07:00,0,48
projects/projects.js,81,js,be831d25,andrewyounucsd,2026-05-01,20:31:38,-07:00,2026-05-01T20:31:38-07:00,0,23
projects/projects.js,82,js,be831d25,andrewyounucsd,2026-05-01,20:31:38,-07:00,2026-05-01T20:31:38-07:00,0,0
projects/projects.js,83,js,be831d25,andrewyounucsd,2026-05-01,20:31:38,-07:00,2026-05-01T20:31:38-07:00,0,53
projects/projects.js,84,js,eb265bf1,andrewyounucsd,2026-05-01,20:26:12,-07:00,2026-05-01T20:26:12-07:00,0,0
projects/projects.js,85,js,be831d25,andrewyounucsd,2026-05-01,20:31:38,-07:00,2026-05-01T20:31:38-07:00,0,48
projects/projects.js,86,js,be831d25,andrewyounucsd,2026-05-01,20:31:38,-07:00,2026-05-01T20:31:38-07:00,1,25
projects/projects.js,87,js,a0695562,andrewyounucsd,2026-05-01,20:40:45,-07:00,2026-05-01T20:40:45-07:00,1,43
projects/projects.js,88,js,be831d25,andrewyounucsd,2026-05-01,20:31:38,-07:00,2026-05-01T20:31:38-07:00,1,56
projects/projects.js,89,js,be831d25,andrewyounucsd,2026-05-01,20:31:38,-07:00,2026-05-01T20:31:38-07:00,1,31
projects/projects.js,90,js,eb265bf1,andrewyounucsd,2026-05-01,20:26:12,-07:00,2026-05-01T20:26:12-07:00,0,1
projects/index.html,1,html,f5afe43d,andrewyounucsd,2026-04-03,15:55:56,-07:00,2026-04-03T15:55:56-07:00,0,13
projects/index.html,2,html,f5afe43d,andrewyounucsd,2026-04-03,15:55:56,-07:00,2026-04-03T15:55:56-07:00,0,14
projects/index.html,3,html,f5afe43d,andrewyounucsd,2026-04-03,15:55:56,-07:00,2026-04-03T15:55:56-07:00,0,4
projects/index.html,4,html,f5afe43d,andrewyounucsd,2026-04-03,15:55:56,-07:00,2026-04-03T15:55:56-07:00,2,20
projects/index.html,5,html,f5afe43d,andrewyounucsd,2026-04-03,15:55:56,-07:00,2026-04-03T15:55:56-07:00,2,68
projects/index.html,6,html,f5afe43d,andrewyounucsd,2026-04-03,15:55:56,-07:00,2026-04-03T15:55:56-07:00,2,21
projects/index.html,7,html,f5afe43d,andrewyounucsd,2026-04-03,15:55:56,-07:00,2026-04-03T15:55:56-07:00,2,41
projects/index.html,8,html,d733233e,andrewyounucsd,2026-04-24,13:44:15,-07:00,2026-04-24T13:44:15-07:00,2,48
projects/index.html,9,html,d733233e,andrewyounucsd,2026-04-24,13:44:15,-07:00,2026-04-24T13:44:15-07:00,2,47
projects/index.html,10,html,f5afe43d,andrewyounucsd,2026-04-03,15:55:56,-07:00,2026-04-03T15:55:56-07:00,0,5
projects/index.html,11,html,f5afe43d,andrewyounucsd,2026-04-03,15:55:56,-07:00,2026-04-03T15:55:56-07:00,0,4
projects/index.html,12,html,2d22484c,andrewyounucsd,2026-04-24,13:50:57,-07:00,2026-04-24T13:50:57-07:00,2,38
projects/index.html,13,html,da7618b4,andrewyounucsd,2026-05-01,20:24:19,-07:00,2026-05-01T20:24:19-07:00,2,21
projects/index.html,14,html,da7618b4,andrewyounucsd,2026-05-01,20:24:19,-07:00,2026-05-01T20:24:19-07:00,4,58
projects/index.html,15,html,da7618b4,andrewyounucsd,2026-05-01,20:24:19,-07:00,2026-05-01T20:24:19-07:00,4,22
projects/index.html,16,html,da7618b4,andrewyounucsd,2026-05-01,20:24:19,-07:00,2026-05-01T20:24:19-07:00,2,4
projects/index.html,17,html,da7618b4,andrewyounucsd,2026-05-01,20:24:19,-07:00,2026-05-01T20:24:19-07:00,2,4
projects/index.html,18,html,da7618b4,andrewyounucsd,2026-05-01,20:24:19,-07:00,2026-05-01T20:24:19-07:00,4,15
projects/index.html,19,html,da7618b4,andrewyounucsd,2026-05-01,20:24:19,-07:00,2026-05-01T20:24:19-07:00,4,11
projects/index.html,20,html,da7618b4,andrewyounucsd,2026-05-01,20:24:19,-07:00,2026-05-01T20:24:19-07:00,4,26
projects/index.html,21,html,da7618b4,andrewyounucsd,2026-05-01,20:24:19,-07:00,2026-05-01T20:24:19-07:00,4,33
projects/index.html,22,html,da7618b4,andrewyounucsd,2026-05-01,20:24:19,-07:00,2026-05-01T20:24:19-07:00,2,0
projects/index.html,23,html,1ae3b07e,andrewyounucsd,2026-04-10,01:39:47,-07:00,2026-04-10T01:39:47-07:00,2,20
projects/index.html,24,html,1ae3b07e,andrewyounucsd,2026-04-10,01:39:47,-07:00,2026-04-10T01:39:47-07:00,2,4
projects/index.html,25,html,f5afe43d,andrewyounucsd,2026-04-03,15:55:56,-07:00,2026-04-03T15:55:56-07:00,0,5
projects/index.html,26,html,f5afe43d,andrewyounucsd,2026-04-03,15:55:56,-07:00,2026-04-03T15:55:56-07:00,0,5
meta/main.js,1,js,59d4e37b,andrewyounucsd,2026-05-09,19:18:17,-07:00,2026-05-09T19:18:17-07:00,0,63
meta/main.js,2,js,9ed90232,andrewyounucsd,2026-05-22,15:14:18,-07:00,2026-05-22T15:14:18-07:00,0,72
meta/main.js,3,js,59d4e37b,andrewyounucsd,2026-05-09,19:18:17,-07:00,2026-05-09T19:18:17-07:00,0,0
meta/main.js,4,js,59d4e37b,andrewyounucsd,2026-05-09,19:18:17,-07:00,2026-05-09T19:18:17-07:00,0,25
meta/main.js,5,js,59d4e37b,andrewyounucsd,2026-05-09,19:18:17,-07:00,2026-05-09T19:18:17-07:00,1,46
meta/main.js,6,js,59d4e37b,andrewyounucsd,2026-05-09,19:18:17,-07:00,2026-05-09T19:18:17-07:00,2,5
meta/main.js,7,js,59d4e37b,andrewyounucsd,2026-05-09,19:18:17,-07:00,2026-05-09T19:18:17-07:00,2,21
meta/main.js,8,js,59d4e37b,andrewyounucsd,2026-05-09,19:18:17,-07:00,2026-05-09T19:18:17-07:00,2,23
meta/main.js,9,js,59d4e37b,andrewyounucsd,2026-05-09,19:18:17,-07:00,2026-05-09T19:18:17-07:00,2,25
meta/main.js,10,js,59d4e37b,andrewyounucsd,2026-05-09,19:18:17,-07:00,2026-05-09T19:18:17-07:00,2,49
meta/main.js,11,js,59d4e37b,andrewyounucsd,2026-05-09,19:18:17,-07:00,2026-05-09T19:18:17-07:00,2,31
meta/main.js,12,js,59d4e37b,andrewyounucsd,2026-05-09,19:18:17,-07:00,2026-05-09T19:18:17-07:00,1,2
meta/main.js,13,js,59d4e37b,andrewyounucsd,2026-05-09,19:18:17,-07:00,2026-05-09T19:18:17-07:00,1,10
meta/main.js,14,js,59d4e37b,andrewyounucsd,2026-05-09,19:18:17,-07:00,2026-05-09T19:18:17-07:00,0,0
meta/main.js,15,js,59d4e37b,andrewyounucsd,2026-05-09,19:18:17,-07:00,2026-05-09T19:18:17-07:00,0,0
meta/main.js,16,js,59d4e37b,andrewyounucsd,2026-05-09,19:18:17,-07:00,2026-05-09T19:18:17-07:00,0,26
meta/main.js,17,js,991846c1,andrewyounucsd,2026-05-09,19:20:31,-07:00,2026-05-09T19:20:31-07:00,0,0
meta/main.js,18,js,991846c1,andrewyounucsd,2026-05-09,19:20:31,-07:00,2026-05-09T19:20:31-07:00,0,29
meta/main.js,19,js,991846c1,andrewyounucsd,2026-05-09,19:20:31,-07:00,2026-05-09T19:20:31-07:00,1,7
meta/main.js,20,js,991846c1,andrewyounucsd,2026-05-09,19:20:31,-07:00,2026-05-09T19:20:31-07:00,2,28
meta/main.js,21,js,991846c1,andrewyounucsd,2026-05-09,19:20:31,-07:00,2026-05-09T19:20:31-07:00,2,25
meta/main.js,22,js,991846c1,andrewyounucsd,2026-05-09,19:20:31,-07:00,2026-05-09T19:20:31-07:00,3,19
meta/main.js,23,js,991846c1,andrewyounucsd,2026-05-09,19:20:31,-07:00,2026-05-09T19:20:31-07:00,3,53
meta/main.js,24,js,991846c1,andrewyounucsd,2026-05-09,19:20:31,-07:00,2026-05-09T19:20:31-07:00,3,9
meta/main.js,25,js,991846c1,andrewyounucsd,2026-05-09,19:20:31,-07:00,2026-05-09T19:20:31-07:00,4,9
meta/main.js,26,js,991846c1,andrewyounucsd,2026-05-09,19:20:31,-07:00,2026-05-09T19:20:31-07:00,4,66
meta/main.js,27,js,991846c1,andrewyounucsd,2026-05-09,19:20:31,-07:00,2026-05-09T19:20:31-07:00,4,5
meta/main.js,28,js,991846c1,andrewyounucsd,2026-05-09,19:20:31,-07:00,2026-05-09T19:20:31-07:00,4,3
meta/main.js,29,js,991846c1,andrewyounucsd,2026-05-09,19:20:31,-07:00,2026-05-09T19:20:31-07:00,4,3
meta/main.js,30,js,991846c1,andrewyounucsd,2026-05-09,19:20:31,-07:00,2026-05-09T19:20:31-07:00,4,7
meta/main.js,31,js,991846c1,andrewyounucsd,2026-05-09,19:20:31,-07:00,2026-05-09T19:20:31-07:00,4,7
meta/main.js,32,js,991846c1,andrewyounucsd,2026-05-09,19:20:31,-07:00,2026-05-09T19:20:31-07:00,4,57
meta/main.js,33,js,991846c1,andrewyounucsd,2026-05-09,19:20:31,-07:00,2026-05-09T19:20:31-07:00,4,23
meta/main.js,34,js,991846c1,andrewyounucsd,2026-05-09,19:20:31,-07:00,2026-05-09T19:20:31-07:00,3,0
meta/main.js,35,js,991846c1,andrewyounucsd,2026-05-09,19:20:31,-07:00,2026-05-09T19:20:31-07:00,0,0
meta/main.js,36,js,991846c1,andrewyounucsd,2026-05-09,19:20:31,-07:00,2026-05-09T19:20:31-07:00,3,35
meta/main.js,37,js,991846c1,andrewyounucsd,2026-05-09,19:20:31,-07:00,2026-05-09T19:20:31-07:00,4,11
meta/main.js,38,js,991846c1,andrewyounucsd,2026-05-09,19:20:31,-07:00,2026-05-09T19:20:31-07:00,4,14
meta/main.js,39,js,991846c1,andrewyounucsd,2026-05-09,19:20:31,-07:00,2026-05-09T19:20:31-07:00,4,18
meta/main.js,40,js,991846c1,andrewyounucsd,2026-05-09,19:20:31,-07:00,2026-05-09T19:20:31-07:00,4,16
meta/main.js,41,js,991846c1,andrewyounucsd,2026-05-09,19:20:31,-07:00,2026-05-09T19:20:31-07:00,3,1
meta/main.js,42,js,991846c1,andrewyounucsd,2026-05-09,19:20:31,-07:00,2026-05-09T19:20:31-07:00,0,0
meta/main.js,43,js,991846c1,andrewyounucsd,2026-05-09,19:20:31,-07:00,2026-05-09T19:20:31-07:00,3,9
meta/main.js,44,js,acd42ce5,andrewyounucsd,2026-05-22,13:18:20,-07:00,2026-05-22T13:18:20-07:00,2,0
meta/main.js,45,js,acd42ce5,andrewyounucsd,2026-05-22,13:18:20,-07:00,2026-05-22T13:18:20-07:00,2,39
meta/main.js,46,js,991846c1,andrewyounucsd,2026-05-09,19:20:31,-07:00,2026-05-09T19:20:31-07:00,0,0
meta/main.js,47,js,991846c1,andrewyounucsd,2026-05-09,19:20:31,-07:00,2026-05-09T19:20:31-07:00,0,0
meta/main.js,48,js,991846c1,andrewyounucsd,2026-05-09,19:20:31,-07:00,2026-05-09T19:20:31-07:00,0,33
meta/main.js,49,js,af0a9361,andrewyounucsd,2026-05-09,19:23:40,-07:00,2026-05-09T19:23:40-07:00,0,0
meta/main.js,50,js,af0a9361,andrewyounucsd,2026-05-09,19:23:40,-07:00,2026-05-09T19:23:40-07:00,0,40
meta/main.js,51,js,af0a9361,andrewyounucsd,2026-05-09,19:23:40,-07:00,2026-05-09T19:23:40-07:00,1,65
meta/main.js,52,js,af0a9361,andrewyounucsd,2026-05-09,19:23:40,-07:00,2026-05-09T19:23:40-07:00,0,0
meta/main.js,53,js,af0a9361,andrewyounucsd,2026-05-09,19:23:40,-07:00,2026-05-09T19:23:40-07:00,1,67
meta/main.js,54,js,af0a9361,andrewyounucsd,2026-05-09,19:23:40,-07:00,2026-05-09T19:23:40-07:00,1,32
meta/main.js,55,js,af0a9361,andrewyounucsd,2026-05-09,19:23:40,-07:00,2026-05-09T19:23:40-07:00,0,0
meta/main.js,56,js,af0a9361,andrewyounucsd,2026-05-09,19:23:40,-07:00,2026-05-09T19:23:40-07:00,1,36
meta/main.js,57,js,af0a9361,andrewyounucsd,2026-05-09,19:23:40,-07:00,2026-05-09T19:23:40-07:00,1,35
meta/main.js,58,js,af0a9361,andrewyounucsd,2026-05-09,19:23:40,-07:00,2026-05-09T19:23:40-07:00,0,0
meta/main.js,59,js,af0a9361,andrewyounucsd,2026-05-09,19:23:40,-07:00,2026-05-09T19:23:40-07:00,1,38
meta/main.js,60,js,af0a9361,andrewyounucsd,2026-05-09,19:23:40,-07:00,2026-05-09T19:23:40-07:00,1,53
meta/main.js,61,js,af0a9361,andrewyounucsd,2026-05-09,19:23:40,-07:00,2026-05-09T19:23:40-07:00,0,0
meta/main.js,62,js,af0a9361,andrewyounucsd,2026-05-09,19:23:40,-07:00,2026-05-09T19:23:40-07:00,1,42
meta/main.js,63,js,af0a9361,andrewyounucsd,2026-05-09,19:23:40,-07:00,2026-05-09T19:23:40-07:00,1,72
meta/main.js,64,js,af0a9361,andrewyounucsd,2026-05-09,19:23:40,-07:00,2026-05-09T19:23:40-07:00,0,0
meta/main.js,65,js,af0a9361,andrewyounucsd,2026-05-09,19:23:40,-07:00,2026-05-09T19:23:40-07:00,1,46
meta/main.js,66,js,af0a9361,andrewyounucsd,2026-05-09,19:23:40,-07:00,2026-05-09T19:23:40-07:00,1,123
meta/main.js,67,js,af0a9361,andrewyounucsd,2026-05-09,19:23:40,-07:00,2026-05-09T19:23:40-07:00,1,62
meta/main.js,68,js,af0a9361,andrewyounucsd,2026-05-09,19:23:40,-07:00,2026-05-09T19:23:40-07:00,0,0
meta/main.js,69,js,af0a9361,andrewyounucsd,2026-05-09,19:23:40,-07:00,2026-05-09T19:23:40-07:00,0,0
meta/main.js,70,js,05b357af,andrewyounucsd,2026-05-09,19:32:09,-07:00,2026-05-09T19:32:09-07:00,0,30
meta/main.js,71,js,05b357af,andrewyounucsd,2026-05-09,19:32:09,-07:00,2026-05-09T19:32:09-07:00,0,0
meta/main.js,72,js,d075d141,andrewyounucsd,2026-05-09,20:42:55,-07:00,2026-05-09T20:42:55-07:00,0,9
meta/main.js,73,js,d075d141,andrewyounucsd,2026-05-09,20:42:55,-07:00,2026-05-09T20:42:55-07:00,0,9
meta/main.js,74,js,d075d141,andrewyounucsd,2026-05-09,20:42:55,-07:00,2026-05-09T20:42:55-07:00,0,0
meta/main.js,75,js,05b357af,andrewyounucsd,2026-05-09,19:32:09,-07:00,2026-05-09T19:32:09-07:00,0,41
meta/main.js,76,js,05b357af,andrewyounucsd,2026-05-09,19:32:09,-07:00,2026-05-09T19:32:09-07:00,1,17
meta/main.js,77,js,05b357af,andrewyounucsd,2026-05-09,19:32:09,-07:00,2026-05-09T19:32:09-07:00,1,17
meta/main.js,78,js,05b357af,andrewyounucsd,2026-05-09,19:32:09,-07:00,2026-05-09T19:32:09-07:00,1,58
meta/main.js,79,js,05b357af,andrewyounucsd,2026-05-09,19:32:09,-07:00,2026-05-09T19:32:09-07:00,0,0
meta/main.js,80,js,05b357af,andrewyounucsd,2026-05-09,19:32:09,-07:00,2026-05-09T19:32:09-07:00,1,18
meta/main.js,81,js,05b357af,andrewyounucsd,2026-05-09,19:32:09,-07:00,2026-05-09T19:32:09-07:00,2,14
meta/main.js,82,js,05b357af,andrewyounucsd,2026-05-09,19:32:09,-07:00,2026-05-09T19:32:09-07:00,2,26
meta/main.js,83,js,05b357af,andrewyounucsd,2026-05-09,19:32:09,-07:00,2026-05-09T19:32:09-07:00,2,29
meta/main.js,84,js,05b357af,andrewyounucsd,2026-05-09,19:32:09,-07:00,2026-05-09T19:32:09-07:00,2,16
meta/main.js,85,js,05b357af,andrewyounucsd,2026-05-09,19:32:09,-07:00,2026-05-09T19:32:09-07:00,2,40
meta/main.js,86,js,05b357af,andrewyounucsd,2026-05-09,19:32:09,-07:00,2026-05-09T19:32:09-07:00,2,42
meta/main.js,87,js,05b357af,andrewyounucsd,2026-05-09,19:32:09,-07:00,2026-05-09T19:32:09-07:00,1,0
meta/main.js,88,js,05b357af,andrewyounucsd,2026-05-09,19:32:09,-07:00,2026-05-09T19:32:09-07:00,0,0
meta/main.js,89,js,d075d141,andrewyounucsd,2026-05-09,20:42:55,-07:00,2026-05-09T20:42:55-07:00,1,9
meta/main.js,90,js,acd42ce5,andrewyounucsd,2026-05-22,13:18:20,-07:00,2026-05-22T13:18:20-07:00,2,10
meta/main.js,91,js,acd42ce5,andrewyounucsd,2026-05-22,13:18:20,-07:00,2026-05-22T13:18:20-07:00,2,44
meta/main.js,92,js,acd42ce5,andrewyounucsd,2026-05-22,13:18:20,-07:00,2026-05-22T13:18:20-07:00,2,41
meta/main.js,93,js,acd42ce5,andrewyounucsd,2026-05-22,13:18:20,-07:00,2026-05-22T13:18:20-07:00,2,6
meta/main.js,94,js,d075d141,andrewyounucsd,2026-05-09,20:42:55,-07:00,2026-05-09T20:42:55-07:00,0,0
meta/main.js,95,js,d075d141,andrewyounucsd,2026-05-09,20:42:55,-07:00,2026-05-09T20:42:55-07:00,1,83
meta/main.js,96,js,d075d141,andrewyounucsd,2026-05-09,20:42:55,-07:00,2026-05-09T20:42:55-07:00,0,0
meta/main.js,97,js,05b357af,andrewyounucsd,2026-05-09,19:32:09,-07:00,2026-05-09T19:32:09-07:00,1,12
meta/main.js,98,js,05b357af,andrewyounucsd,2026-05-09,19:32:09,-07:00,2026-05-09T19:32:09-07:00,2,15
meta/main.js,99,js,05b357af,andrewyounucsd,2026-05-09,19:32:09,-07:00,2026-05-09T19:32:09-07:00,2,12
meta/main.js,100,js,05b357af,andrewyounucsd,2026-05-09,19:32:09,-07:00,2026-05-09T19:32:09-07:00,2,40
meta/main.js,101,js,05b357af,andrewyounucsd,2026-05-09,19:32:09,-07:00,2026-05-09T19:32:09-07:00,2,28
meta/main.js,102,js,05b357af,andrewyounucsd,2026-05-09,19:32:09,-07:00,2026-05-09T19:32:09-07:00,0,0
meta/main.js,103,js,05b357af,andrewyounucsd,2026-05-09,19:32:09,-07:00,2026-05-09T19:32:09-07:00,1,19
meta/main.js,104,js,05b357af,andrewyounucsd,2026-05-09,19:32:09,-07:00,2026-05-09T19:32:09-07:00,2,10
meta/main.js,105,js,05b357af,andrewyounucsd,2026-05-09,19:32:09,-07:00,2026-05-09T19:32:09-07:00,2,25
meta/main.js,106,js,05b357af,andrewyounucsd,2026-05-09,19:32:09,-07:00,2026-05-09T19:32:09-07:00,2,53
meta/main.js,107,js,05b357af,andrewyounucsd,2026-05-09,19:32:09,-07:00,2026-05-09T19:32:09-07:00,0,0
meta/main.js,108,js,05b357af,andrewyounucsd,2026-05-09,19:32:09,-07:00,2026-05-09T19:32:09-07:00,1,77
meta/main.js,109,js,05b357af,andrewyounucsd,2026-05-09,19:32:09,-07:00,2026-05-09T19:32:09-07:00,0,0
meta/main.js,110,js,05b357af,andrewyounucsd,2026-05-09,19:32:09,-07:00,2026-05-09T19:32:09-07:00,1,34
meta/main.js,111,js,05b357af,andrewyounucsd,2026-05-09,19:32:09,-07:00,2026-05-09T19:32:09-07:00,1,91
meta/main.js,112,js,05b357af,andrewyounucsd,2026-05-09,19:32:09,-07:00,2026-05-09T19:32:09-07:00,0,0
meta/main.js,113,js,acd42ce5,andrewyounucsd,2026-05-22,13:18:20,-07:00,2026-05-22T13:18:20-07:00,1,106
meta/main.js,114,js,acd42ce5,andrewyounucsd,2026-05-22,13:18:20,-07:00,2026-05-22T13:18:20-07:00,1,104
meta/main.js,115,js,05b357af,andrewyounucsd,2026-05-09,19:32:09,-07:00,2026-05-09T19:32:09-07:00,0,0
meta/main.js,116,js,05b357af,andrewyounucsd,2026-05-09,19:32:09,-07:00,2026-05-09T19:32:09-07:00,1,49
meta/main.js,117,js,acd42ce5,andrewyounucsd,2026-05-22,13:18:20,-07:00,2026-05-22T13:18:20-07:00,0,0
meta/main.js,118,js,acd42ce5,andrewyounucsd,2026-05-22,13:18:20,-07:00,2026-05-22T13:18:20-07:00,1,59
meta/main.js,119,js,b2d8590a,andrewyounucsd,2026-05-09,20:06:23,-07:00,2026-05-09T20:06:23-07:00,1,67
meta/main.js,120,js,b2d8590a,andrewyounucsd,2026-05-09,20:06:23,-07:00,2026-05-09T20:06:23-07:00,1,72
meta/main.js,121,js,05b357af,andrewyounucsd,2026-05-09,19:32:09,-07:00,2026-05-09T19:32:09-07:00,0,0
meta/main.js,122,js,05b357af,andrewyounucsd,2026-05-09,19:32:09,-07:00,2026-05-09T19:32:09-07:00,1,2
meta/main.js,123,js,b2d8590a,andrewyounucsd,2026-05-09,20:06:23,-07:00,2026-05-09T20:06:23-07:00,2,18
meta/main.js,124,js,acd42ce5,andrewyounucsd,2026-05-22,13:18:20,-07:00,2026-05-22T13:18:20-07:00,2,31
meta/main.js,125,js,b2d8590a,andrewyounucsd,2026-05-09,20:06:23,-07:00,2026-05-09T20:06:23-07:00,2,13
meta/main.js,126,js,b2d8590a,andrewyounucsd,2026-05-09,20:06:23,-07:00,2026-05-09T20:06:23-07:00,2,36
meta/main.js,127,js,b2d8590a,andrewyounucsd,2026-05-09,20:06:23,-07:00,2026-05-09T20:06:23-07:00,2,36
meta/main.js,128,js,b2d8590a,andrewyounucsd,2026-05-09,20:06:23,-07:00,2026-05-09T20:06:23-07:00,2,37
meta/main.js,129,js,b2d8590a,andrewyounucsd,2026-05-09,20:06:23,-07:00,2026-05-09T20:06:23-07:00,2,25
meta/main.js,130,js,b2d8590a,andrewyounucsd,2026-05-09,20:06:23,-07:00,2026-05-09T20:06:23-07:00,2,24
meta/main.js,131,js,b2d8590a,andrewyounucsd,2026-05-09,20:06:23,-07:00,2026-05-09T20:06:23-07:00,2,36
meta/main.js,132,js,b2d8590a,andrewyounucsd,2026-05-09,20:06:23,-07:00,2026-05-09T20:06:23-07:00,3,54
meta/main.js,133,js,b2d8590a,andrewyounucsd,2026-05-09,20:06:23,-07:00,2026-05-09T20:06:23-07:00,3,27
meta/main.js,134,js,b2d8590a,andrewyounucsd,2026-05-09,20:06:23,-07:00,2026-05-09T20:06:23-07:00,3,28
meta/main.js,135,js,b2d8590a,andrewyounucsd,2026-05-09,20:06:23,-07:00,2026-05-09T20:06:23-07:00,3,27
meta/main.js,136,js,b2d8590a,andrewyounucsd,2026-05-09,20:06:23,-07:00,2026-05-09T20:06:23-07:00,2,0
meta/main.js,137,js,b2d8590a,andrewyounucsd,2026-05-09,20:06:23,-07:00,2026-05-09T20:06:23-07:00,2,28
meta/main.js,138,js,b2d8590a,andrewyounucsd,2026-05-09,20:06:23,-07:00,2026-05-09T20:06:23-07:00,3,56
meta/main.js,139,js,b2d8590a,andrewyounucsd,2026-05-09,20:06:23,-07:00,2026-05-09T20:06:23-07:00,3,29
meta/main.js,140,js,b2d8590a,andrewyounucsd,2026-05-09,20:06:23,-07:00,2026-05-09T20:06:23-07:00,2,1
meta/main.js,141,js,d075d141,andrewyounucsd,2026-05-09,20:42:55,-07:00,2026-05-09T20:42:55-07:00,0,0
meta/main.js,142,js,acd42ce5,andrewyounucsd,2026-05-22,13:18:20,-07:00,2026-05-22T13:18:20-07:00,1,23
meta/main.js,143,js,05b357af,andrewyounucsd,2026-05-09,19:32:09,-07:00,2026-05-09T19:32:09-07:00,0,0
meta/main.js,144,js,05b357af,andrewyounucsd,2026-05-09,19:32:09,-07:00,2026-05-09T19:32:09-07:00,0,0
meta/main.js,145,js,3fc034d9,andrewyounucsd,2026-05-09,19:58:49,-07:00,2026-05-09T19:58:49-07:00,0,31
meta/main.js,146,js,3fc034d9,andrewyounucsd,2026-05-09,19:58:49,-07:00,2026-05-09T19:58:49-07:00,0,0
meta/main.js,147,js,acd42ce5,andrewyounucsd,2026-05-22,13:18:20,-07:00,2026-05-22T13:18:20-07:00,0,41
meta/main.js,148,js,acd42ce5,andrewyounucsd,2026-05-22,13:18:20,-07:00,2026-05-22T13:18:20-07:00,1,44
meta/main.js,149,js,acd42ce5,andrewyounucsd,2026-05-22,13:18:20,-07:00,2026-05-22T13:18:20-07:00,0,0
meta/main.js,150,js,acd42ce5,andrewyounucsd,2026-05-22,13:18:20,-07:00,2026-05-22T13:18:20-07:00,1,60
meta/main.js,151,js,acd42ce5,andrewyounucsd,2026-05-22,13:18:20,-07:00,2026-05-22T13:18:20-07:00,0,0
meta/main.js,152,js,acd42ce5,andrewyounucsd,2026-05-22,13:18:20,-07:00,2026-05-22T13:18:20-07:00,1,67
meta/main.js,153,js,acd42ce5,andrewyounucsd,2026-05-22,13:18:20,-07:00,2026-05-22T13:18:20-07:00,1,72
meta/main.js,154,js,acd42ce5,andrewyounucsd,2026-05-22,13:18:20,-07:00,2026-05-22T13:18:20-07:00,0,0
meta/main.js,155,js,acd42ce5,andrewyounucsd,2026-05-22,13:18:20,-07:00,2026-05-22T13:18:20-07:00,1,34
meta/main.js,156,js,acd42ce5,andrewyounucsd,2026-05-22,13:18:20,-07:00,2026-05-22T13:18:20-07:00,1,40
meta/main.js,157,js,acd42ce5,andrewyounucsd,2026-05-22,13:18:20,-07:00,2026-05-22T13:18:20-07:00,1,33
meta/main.js,158,js,acd42ce5,andrewyounucsd,2026-05-22,13:18:20,-07:00,2026-05-22T13:18:20-07:00,1,21
meta/main.js,159,js,acd42ce5,andrewyounucsd,2026-05-22,13:18:20,-07:00,2026-05-22T13:18:20-07:00,0,0
meta/main.js,160,js,acd42ce5,andrewyounucsd,2026-05-22,13:18:20,-07:00,2026-05-22T13:18:20-07:00,1,32
meta/main.js,161,js,acd42ce5,andrewyounucsd,2026-05-22,13:18:20,-07:00,2026-05-22T13:18:20-07:00,1,59
meta/main.js,162,js,acd42ce5,andrewyounucsd,2026-05-22,13:18:20,-07:00,2026-05-22T13:18:20-07:00,0,0
meta/main.js,163,js,acd42ce5,andrewyounucsd,2026-05-22,13:18:20,-07:00,2026-05-22T13:18:20-07:00,1,2
meta/main.js,164,js,acd42ce5,andrewyounucsd,2026-05-22,13:18:20,-07:00,2026-05-22T13:18:20-07:00,2,18
meta/main.js,165,js,acd42ce5,andrewyounucsd,2026-05-22,13:18:20,-07:00,2026-05-22T13:18:20-07:00,2,31
meta/main.js,166,js,acd42ce5,andrewyounucsd,2026-05-22,13:18:20,-07:00,2026-05-22T13:18:20-07:00,2,13
meta/main.js,167,js,acd42ce5,andrewyounucsd,2026-05-22,13:18:20,-07:00,2026-05-22T13:18:20-07:00,2,36
meta/main.js,168,js,acd42ce5,andrewyounucsd,2026-05-22,13:18:20,-07:00,2026-05-22T13:18:20-07:00,2,36
meta/main.js,169,js,acd42ce5,andrewyounucsd,2026-05-22,13:18:20,-07:00,2026-05-22T13:18:20-07:00,2,37
meta/main.js,170,js,acd42ce5,andrewyounucsd,2026-05-22,13:18:20,-07:00,2026-05-22T13:18:20-07:00,2,24
meta/main.js,171,js,acd42ce5,andrewyounucsd,2026-05-22,13:18:20,-07:00,2026-05-22T13:18:20-07:00,2,25
meta/main.js,172,js,acd42ce5,andrewyounucsd,2026-05-22,13:18:20,-07:00,2026-05-22T13:18:20-07:00,2,36
meta/main.js,173,js,acd42ce5,andrewyounucsd,2026-05-22,13:18:20,-07:00,2026-05-22T13:18:20-07:00,3,54
meta/main.js,174,js,acd42ce5,andrewyounucsd,2026-05-22,13:18:20,-07:00,2026-05-22T13:18:20-07:00,3,27
meta/main.js,175,js,acd42ce5,andrewyounucsd,2026-05-22,13:18:20,-07:00,2026-05-22T13:18:20-07:00,3,28
meta/main.js,176,js,acd42ce5,andrewyounucsd,2026-05-22,13:18:20,-07:00,2026-05-22T13:18:20-07:00,3,27
meta/main.js,177,js,acd42ce5,andrewyounucsd,2026-05-22,13:18:20,-07:00,2026-05-22T13:18:20-07:00,2,0
meta/main.js,178,js,acd42ce5,andrewyounucsd,2026-05-22,13:18:20,-07:00,2026-05-22T13:18:20-07:00,2,28
meta/main.js,179,js,acd42ce5,andrewyounucsd,2026-05-22,13:18:20,-07:00,2026-05-22T13:18:20-07:00,3,56
meta/main.js,180,js,acd42ce5,andrewyounucsd,2026-05-22,13:18:20,-07:00,2026-05-22T13:18:20-07:00,3,29
meta/main.js,181,js,acd42ce5,andrewyounucsd,2026-05-22,13:18:20,-07:00,2026-05-22T13:18:20-07:00,2,1
meta/main.js,182,js,acd42ce5,andrewyounucsd,2026-05-22,13:18:20,-07:00,2026-05-22T13:18:20-07:00,0,0
meta/main.js,183,js,acd42ce5,andrewyounucsd,2026-05-22,13:18:20,-07:00,2026-05-22T13:18:20-07:00,0,0
meta/main.js,184,js,acd42ce5,andrewyounucsd,2026-05-22,13:18:20,-07:00,2026-05-22T13:18:20-07:00,0,23
meta/main.js,185,js,acd42ce5,andrewyounucsd,2026-05-22,13:18:20,-07:00,2026-05-22T13:18:20-07:00,0,16
meta/main.js,186,js,acd42ce5,andrewyounucsd,2026-05-22,13:18:20,-07:00,2026-05-22T13:18:20-07:00,1,10
meta/main.js,187,js,acd42ce5,andrewyounucsd,2026-05-22,13:18:20,-07:00,2026-05-22T13:18:20-07:00,1,7
meta/main.js,188,js,acd42ce5,andrewyounucsd,2026-05-22,13:18:20,-07:00,2026-05-22T13:18:20-07:00,2,33
meta/main.js,189,js,acd42ce5,andrewyounucsd,2026-05-22,13:18:20,-07:00,2026-05-22T13:18:20-07:00,2,33
meta/main.js,190,js,acd42ce5,andrewyounucsd,2026-05-22,13:18:20,-07:00,2026-05-22T13:18:20-07:00,1,0
meta/main.js,191,js,acd42ce5,andrewyounucsd,2026-05-22,13:18:20,-07:00,2026-05-22T13:18:20-07:00,1,15
meta/main.js,192,js,acd42ce5,andrewyounucsd,2026-05-22,13:18:20,-07:00,2026-05-22T13:18:20-07:00,0,51
meta/main.js,193,js,acd42ce5,andrewyounucsd,2026-05-22,13:18:20,-07:00,2026-05-22T13:18:20-07:00,0,28
meta/main.js,194,js,acd42ce5,andrewyounucsd,2026-05-22,13:18:20,-07:00,2026-05-22T13:18:20-07:00,0,0
meta/main.js,195,js,acd42ce5,andrewyounucsd,2026-05-22,13:18:20,-07:00,2026-05-22T13:18:20-07:00,0,29
meta/main.js,196,js,acd42ce5,andrewyounucsd,2026-05-22,13:18:20,-07:00,2026-05-22T13:18:20-07:00,1,72
meta/main.js,197,js,acd42ce5,andrewyounucsd,2026-05-22,13:18:20,-07:00,2026-05-22T13:18:20-07:00,1,47
meta/main.js,198,js,acd42ce5,andrewyounucsd,2026-05-22,13:18:20,-07:00,2026-05-22T13:18:20-07:00,1,87
meta/main.js,199,js,acd42ce5,andrewyounucsd,2026-05-22,13:18:20,-07:00,2026-05-22T13:18:20-07:00,2,16
meta/main.js,200,js,acd42ce5,andrewyounucsd,2026-05-22,13:18:20,-07:00,2026-05-22T13:18:20-07:00,2,17
meta/main.js,201,js,acd42ce5,andrewyounucsd,2026-05-22,13:18:20,-07:00,2026-05-22T13:18:20-07:00,1,1
meta/main.js,202,js,acd42ce5,andrewyounucsd,2026-05-22,13:18:20,-07:00,2026-05-22T13:18:20-07:00,1,67
meta/main.js,203,js,acd42ce5,andrewyounucsd,2026-05-22,13:18:20,-07:00,2026-05-22T13:18:20-07:00,1,39
meta/main.js,204,js,5bf4c8ff,andrewyounucsd,2026-05-22,13:53:37,-07:00,2026-05-22T13:53:37-07:00,1,33
meta/main.js,205,js,acd42ce5,andrewyounucsd,2026-05-22,13:18:20,-07:00,2026-05-22T13:18:20-07:00,0,0
meta/main.js,206,js,acd42ce5,andrewyounucsd,2026-05-22,13:18:20,-07:00,2026-05-22T13:18:20-07:00,0,0
meta/main.js,207,js,5bf4c8ff,andrewyounucsd,2026-05-22,13:53:37,-07:00,2026-05-22T13:53:37-07:00,0,43
meta/main.js,208,js,5bf4c8ff,andrewyounucsd,2026-05-22,13:53:37,-07:00,2026-05-22T13:53:37-07:00,1,50
meta/main.js,209,js,5bf4c8ff,andrewyounucsd,2026-05-22,13:53:37,-07:00,2026-05-22T13:53:37-07:00,1,12
meta/main.js,210,js,5bf4c8ff,andrewyounucsd,2026-05-22,13:53:37,-07:00,2026-05-22T13:53:37-07:00,2,27
meta/main.js,211,js,5bf4c8ff,andrewyounucsd,2026-05-22,13:53:37,-07:00,2026-05-22T13:53:37-07:00,2,23
meta/main.js,212,js,5bf4c8ff,andrewyounucsd,2026-05-22,13:53:37,-07:00,2026-05-22T13:53:37-07:00,3,21
meta/main.js,213,js,5bf4c8ff,andrewyounucsd,2026-05-22,13:53:37,-07:00,2026-05-22T13:53:37-07:00,2,0
meta/main.js,214,js,5bf4c8ff,andrewyounucsd,2026-05-22,13:53:37,-07:00,2026-05-22T13:53:37-07:00,2,47
meta/main.js,215,js,5bf4c8ff,andrewyounucsd,2026-05-22,13:53:37,-07:00,2026-05-22T13:53:37-07:00,0,0
meta/main.js,216,js,5bf4c8ff,andrewyounucsd,2026-05-22,13:53:37,-07:00,2026-05-22T13:53:37-07:00,1,47
meta/main.js,217,js,5bf4c8ff,andrewyounucsd,2026-05-22,13:53:37,-07:00,2026-05-22T13:53:37-07:00,0,0
meta/main.js,218,js,5bf4c8ff,andrewyounucsd,2026-05-22,13:53:37,-07:00,2026-05-22T13:53:37-07:00,1,21
meta/main.js,219,js,5bf4c8ff,andrewyounucsd,2026-05-22,13:53:37,-07:00,2026-05-22T13:53:37-07:00,2,15
meta/main.js,220,js,5bf4c8ff,andrewyounucsd,2026-05-22,13:53:37,-07:00,2026-05-22T13:53:37-07:00,2,15
meta/main.js,221,js,5bf4c8ff,andrewyounucsd,2026-05-22,13:53:37,-07:00,2026-05-22T13:53:37-07:00,2,25
meta/main.js,222,js,5bf4c8ff,andrewyounucsd,2026-05-22,13:53:37,-07:00,2026-05-22T13:53:37-07:00,2,4
meta/main.js,223,js,5bf4c8ff,andrewyounucsd,2026-05-22,13:53:37,-07:00,2026-05-22T13:53:37-07:00,3,8
meta/main.js,224,js,5bf4c8ff,andrewyounucsd,2026-05-22,13:53:37,-07:00,2026-05-22T13:53:37-07:00,4,33
meta/main.js,225,js,5bf4c8ff,andrewyounucsd,2026-05-22,13:53:37,-07:00,2026-05-22T13:53:37-07:00,5,30
meta/main.js,226,js,5bf4c8ff,andrewyounucsd,2026-05-22,13:53:37,-07:00,2026-05-22T13:53:37-07:00,5,15
meta/main.js,227,js,5bf4c8ff,andrewyounucsd,2026-05-22,13:53:37,-07:00,2026-05-22T13:53:37-07:00,4,1
meta/main.js,228,js,5bf4c8ff,andrewyounucsd,2026-05-22,13:53:37,-07:00,2026-05-22T13:53:37-07:00,2,0
meta/main.js,229,js,5bf4c8ff,andrewyounucsd,2026-05-22,13:53:37,-07:00,2026-05-22T13:53:37-07:00,0,0
meta/main.js,230,js,5bf4c8ff,andrewyounucsd,2026-05-22,13:53:37,-07:00,2026-05-22T13:53:37-07:00,1,53
meta/main.js,231,js,5bf4c8ff,andrewyounucsd,2026-05-22,13:53:37,-07:00,2026-05-22T13:53:37-07:00,1,25
meta/main.js,232,js,5bf4c8ff,andrewyounucsd,2026-05-22,13:53:37,-07:00,2026-05-22T13:53:37-07:00,2,15
meta/main.js,233,js,5bf4c8ff,andrewyounucsd,2026-05-22,13:53:37,-07:00,2026-05-22T13:53:37-07:00,2,19
meta/main.js,234,js,5bf4c8ff,andrewyounucsd,2026-05-22,13:53:37,-07:00,2026-05-22T13:53:37-07:00,2,10
meta/main.js,235,js,5bf4c8ff,andrewyounucsd,2026-05-22,13:53:37,-07:00,2026-05-22T13:53:37-07:00,2,19
meta/main.js,236,js,5bf4c8ff,andrewyounucsd,2026-05-22,13:53:37,-07:00,2026-05-22T13:53:37-07:00,2,50
meta/main.js,237,js,5bf4c8ff,andrewyounucsd,2026-05-22,13:53:37,-07:00,2026-05-22T13:53:37-07:00,0,0
meta/main.js,238,js,5bf4c8ff,andrewyounucsd,2026-05-22,13:53:37,-07:00,2026-05-22T13:53:37-07:00,0,0
meta/main.js,239,js,5bf4c8ff,andrewyounucsd,2026-05-22,13:53:37,-07:00,2026-05-22T13:53:37-07:00,0,33
meta/main.js,240,js,5bf4c8ff,andrewyounucsd,2026-05-22,13:53:37,-07:00,2026-05-22T13:53:37-07:00,0,0
meta/main.js,241,js,acd42ce5,andrewyounucsd,2026-05-22,13:18:20,-07:00,2026-05-22T13:18:20-07:00,0,87
meta/main.js,242,js,acd42ce5,andrewyounucsd,2026-05-22,13:18:20,-07:00,2026-05-22T13:18:20-07:00,0,19
meta/main.js,243,js,acd42ce5,andrewyounucsd,2026-05-22,13:18:20,-07:00,2026-05-22T13:18:20-07:00,0,0
meta/main.js,244,js,3fc034d9,andrewyounucsd,2026-05-09,19:58:49,-07:00,2026-05-09T19:58:49-07:00,0,37
meta/main.js,245,js,3fc034d9,andrewyounucsd,2026-05-09,19:58:49,-07:00,2026-05-09T19:58:49-07:00,1,50
meta/main.js,246,js,3fc034d9,andrewyounucsd,2026-05-09,19:58:49,-07:00,2026-05-09T19:58:49-07:00,1,50
meta/main.js,247,js,3fc034d9,andrewyounucsd,2026-05-09,19:58:49,-07:00,2026-05-09T19:58:49-07:00,1,50
meta/main.js,248,js,3fc034d9,andrewyounucsd,2026-05-09,19:58:49,-07:00,2026-05-09T19:58:49-07:00,1,54
meta/main.js,249,js,3fc034d9,andrewyounucsd,2026-05-09,19:58:49,-07:00,2026-05-09T19:58:49-07:00,1,52
meta/main.js,250,js,3fc034d9,andrewyounucsd,2026-05-09,19:58:49,-07:00,2026-05-09T19:58:49-07:00,0,0
meta/main.js,251,js,3fc034d9,andrewyounucsd,2026-05-09,19:58:49,-07:00,2026-05-09T19:58:49-07:00,1,43
meta/main.js,252,js,3fc034d9,andrewyounucsd,2026-05-09,19:58:49,-07:00,2026-05-09T19:58:49-07:00,0,0
meta/main.js,253,js,3fc034d9,andrewyounucsd,2026-05-09,19:58:49,-07:00,2026-05-09T19:58:49-07:00,1,21
meta/main.js,254,js,3fc034d9,andrewyounucsd,2026-05-09,19:58:49,-07:00,2026-05-09T19:58:49-07:00,1,27
meta/main.js,255,js,3fc034d9,andrewyounucsd,2026-05-09,19:58:49,-07:00,2026-05-09T19:58:49-07:00,1,78
meta/main.js,256,js,3fc034d9,andrewyounucsd,2026-05-09,19:58:49,-07:00,2026-05-09T19:58:49-07:00,1,29
meta/main.js,257,js,3fc034d9,andrewyounucsd,2026-05-09,19:58:49,-07:00,2026-05-09T19:58:49-07:00,1,33
meta/main.js,258,js,3fc034d9,andrewyounucsd,2026-05-09,19:58:49,-07:00,2026-05-09T19:58:49-07:00,1,36
meta/main.js,259,js,3fc034d9,andrewyounucsd,2026-05-09,19:58:49,-07:00,2026-05-09T19:58:49-07:00,0,0
meta/main.js,260,js,3fc034d9,andrewyounucsd,2026-05-09,19:58:49,-07:00,2026-05-09T19:58:49-07:00,0,0
meta/main.js,261,js,3fc034d9,andrewyounucsd,2026-05-09,19:58:49,-07:00,2026-05-09T19:58:49-07:00,0,43
meta/main.js,262,js,3fc034d9,andrewyounucsd,2026-05-09,19:58:49,-07:00,2026-05-09T19:58:49-07:00,1,56
meta/main.js,263,js,3fc034d9,andrewyounucsd,2026-05-09,19:58:49,-07:00,2026-05-09T19:58:49-07:00,1,26
meta/main.js,264,js,3fc034d9,andrewyounucsd,2026-05-09,19:58:49,-07:00,2026-05-09T19:58:49-07:00,0,0
meta/main.js,265,js,3fc034d9,andrewyounucsd,2026-05-09,19:58:49,-07:00,2026-05-09T19:58:49-07:00,0,0
meta/main.js,266,js,3fc034d9,andrewyounucsd,2026-05-09,19:58:49,-07:00,2026-05-09T19:58:49-07:00,0,37
meta/main.js,267,js,3fc034d9,andrewyounucsd,2026-05-09,19:58:49,-07:00,2026-05-09T19:58:49-07:00,1,56
meta/main.js,268,js,3fc034d9,andrewyounucsd,2026-05-09,19:58:49,-07:00,2026-05-09T19:58:49-07:00,1,40
meta/main.js,269,js,3fc034d9,andrewyounucsd,2026-05-09,19:58:49,-07:00,2026-05-09T19:58:49-07:00,1,39
meta/main.js,270,js,d075d141,andrewyounucsd,2026-05-09,20:42:55,-07:00,2026-05-09T20:42:55-07:00,0,0
meta/main.js,271,js,d075d141,andrewyounucsd,2026-05-09,20:42:55,-07:00,2026-05-09T20:42:55-07:00,0,0
meta/main.js,272,js,d075d141,andrewyounucsd,2026-05-09,20:42:55,-07:00,2026-05-09T20:42:55-07:00,0,44
meta/main.js,273,js,d075d141,andrewyounucsd,2026-05-09,20:42:55,-07:00,2026-05-09T20:42:55-07:00,1,27
meta/main.js,274,js,d075d141,andrewyounucsd,2026-05-09,20:42:55,-07:00,2026-05-09T20:42:55-07:00,1,37
meta/main.js,275,js,d075d141,andrewyounucsd,2026-05-09,20:42:55,-07:00,2026-05-09T20:42:55-07:00,1,32
meta/main.js,276,js,d075d141,andrewyounucsd,2026-05-09,20:42:55,-07:00,2026-05-09T20:42:55-07:00,1,32
meta/main.js,277,js,d075d141,andrewyounucsd,2026-05-09,20:42:55,-07:00,2026-05-09T20:42:55-07:00,1,46
meta/main.js,278,js,d075d141,andrewyounucsd,2026-05-09,20:42:55,-07:00,2026-05-09T20:42:55-07:00,0,0
meta/main.js,279,js,d075d141,andrewyounucsd,2026-05-09,20:42:55,-07:00,2026-05-09T20:42:55-07:00,0,0
meta/main.js,280,js,d075d141,andrewyounucsd,2026-05-09,20:42:55,-07:00,2026-05-09T20:42:55-07:00,0,40
meta/main.js,281,js,d075d141,andrewyounucsd,2026-05-09,20:42:55,-07:00,2026-05-09T20:42:55-07:00,1,31
meta/main.js,282,js,d075d141,andrewyounucsd,2026-05-09,20:42:55,-07:00,2026-05-09T20:42:55-07:00,2,53
meta/main.js,283,js,d075d141,andrewyounucsd,2026-05-09,20:42:55,-07:00,2026-05-09T20:42:55-07:00,2,3
meta/main.js,284,js,d075d141,andrewyounucsd,2026-05-09,20:42:55,-07:00,2026-05-09T20:42:55-07:00,1,62
meta/main.js,285,js,d075d141,andrewyounucsd,2026-05-09,20:42:55,-07:00,2026-05-09T20:42:55-07:00,1,78
meta/main.js,286,js,d075d141,andrewyounucsd,2026-05-09,20:42:55,-07:00,2026-05-09T20:42:55-07:00,1,21
meta/main.js,287,js,d075d141,andrewyounucsd,2026-05-09,20:42:55,-07:00,2026-05-09T20:42:55-07:00,0,0
meta/main.js,288,js,d075d141,andrewyounucsd,2026-05-09,20:42:55,-07:00,2026-05-09T20:42:55-07:00,0,0
meta/main.js,289,js,d075d141,andrewyounucsd,2026-05-09,20:42:55,-07:00,2026-05-09T20:42:55-07:00,0,43
meta/main.js,290,js,d075d141,andrewyounucsd,2026-05-09,20:42:55,-07:00,2026-05-09T20:42:55-07:00,1,31
meta/main.js,291,js,d075d141,andrewyounucsd,2026-05-09,20:42:55,-07:00,2026-05-09T20:42:55-07:00,2,53
meta/main.js,292,js,d075d141,andrewyounucsd,2026-05-09,20:42:55,-07:00,2026-05-09T20:42:55-07:00,2,3
meta/main.js,293,js,d075d141,andrewyounucsd,2026-05-09,20:42:55,-07:00,2026-05-09T20:42:55-07:00,1,62
meta/main.js,294,js,d075d141,andrewyounucsd,2026-05-09,20:42:55,-07:00,2026-05-09T20:42:55-07:00,0,0
meta/main.js,295,js,d075d141,andrewyounucsd,2026-05-09,20:42:55,-07:00,2026-05-09T20:42:55-07:00,1,33
meta/main.js,296,js,d075d141,andrewyounucsd,2026-05-09,20:42:55,-07:00,2026-05-09T20:42:55-07:00,2,23
meta/main.js,297,js,d075d141,andrewyounucsd,2026-05-09,20:42:55,-07:00,2026-05-09T20:42:55-07:00,2,5
meta/main.js,298,js,d075d141,andrewyounucsd,2026-05-09,20:42:55,-07:00,2026-05-09T20:42:55-07:00,1,0
meta/main.js,299,js,d075d141,andrewyounucsd,2026-05-09,20:42:55,-07:00,2026-05-09T20:42:55-07:00,0,0
meta/main.js,300,js,d075d141,andrewyounucsd,2026-05-09,20:42:55,-07:00,2026-05-09T20:42:55-07:00,1,52
meta/main.js,301,js,d075d141,andrewyounucsd,2026-05-09,20:42:55,-07:00,2026-05-09T20:42:55-07:00,1,65
meta/main.js,302,js,d075d141,andrewyounucsd,2026-05-09,20:42:55,-07:00,2026-05-09T20:42:55-07:00,0,0
meta/main.js,303,js,d075d141,andrewyounucsd,2026-05-09,20:42:55,-07:00,2026-05-09T20:42:55-07:00,1,23
meta/main.js,304,js,d075d141,andrewyounucsd,2026-05-09,20:42:55,-07:00,2026-05-09T20:42:55-07:00,1,42
meta/main.js,305,js,d075d141,andrewyounucsd,2026-05-09,20:42:55,-07:00,2026-05-09T20:42:55-07:00,2,38
meta/main.js,306,js,d075d141,andrewyounucsd,2026-05-09,20:42:55,-07:00,2026-05-09T20:42:55-07:00,2,46
meta/main.js,307,js,d075d141,andrewyounucsd,2026-05-09,20:42:55,-07:00,2026-05-09T20:42:55-07:00,2,22
meta/main.js,308,js,d075d141,andrewyounucsd,2026-05-09,20:42:55,-07:00,2026-05-09T20:42:55-07:00,3,18
meta/main.js,309,js,d075d141,andrewyounucsd,2026-05-09,20:42:55,-07:00,2026-05-09T20:42:55-07:00,3,36
meta/main.js,310,js,d075d141,andrewyounucsd,2026-05-09,20:42:55,-07:00,2026-05-09T20:42:55-07:00,2,0
meta/main.js,311,js,d075d141,andrewyounucsd,2026-05-09,20:42:55,-07:00,2026-05-09T20:42:55-07:00,1,0
meta/main.js,312,js,d075d141,andrewyounucsd,2026-05-09,20:42:55,-07:00,2026-05-09T20:42:55-07:00,0,0
meta/main.js,313,js,d075d141,andrewyounucsd,2026-05-09,20:42:55,-07:00,2026-05-09T20:42:55-07:00,0,0
meta/main.js,314,js,d075d141,andrewyounucsd,2026-05-09,20:42:55,-07:00,2026-05-09T20:42:55-07:00,0,23
meta/main.js,315,js,d075d141,andrewyounucsd,2026-05-09,20:42:55,-07:00,2026-05-09T20:42:55-07:00,1,32
meta/main.js,316,js,d075d141,andrewyounucsd,2026-05-09,20:42:55,-07:00,2026-05-09T20:42:55-07:00,1,80
meta/main.js,317,js,d075d141,andrewyounucsd,2026-05-09,20:42:55,-07:00,2026-05-09T20:42:55-07:00,1,30
meta/main.js,318,js,d075d141,andrewyounucsd,2026-05-09,20:42:55,-07:00,2026-05-09T20:42:55-07:00,1,33
meta/main.js,319,js,d075d141,andrewyounucsd,2026-05-09,20:42:55,-07:00,2026-05-09T20:42:55-07:00,0,0
meta/main.js,320,js,d075d141,andrewyounucsd,2026-05-09,20:42:55,-07:00,2026-05-09T20:42:55-07:00,0,0
meta/main.js,321,js,d075d141,andrewyounucsd,2026-05-09,20:42:55,-07:00,2026-05-09T20:42:55-07:00,0,33
meta/main.js,322,js,d075d141,andrewyounucsd,2026-05-09,20:42:55,-07:00,2026-05-09T20:42:55-07:00,1,50
meta/main.js,323,js,d075d141,andrewyounucsd,2026-05-09,20:42:55,-07:00,2026-05-09T20:42:55-07:00,1,43
meta/main.js,324,js,a244270f,andrewyounucsd,2026-05-22,15:09:41,-07:00,2026-05-22T15:09:41-07:00,0,0
meta/main.js,325,js,a244270f,andrewyounucsd,2026-05-22,15:09:41,-07:00,2026-05-22T15:09:41-07:00,0,0
meta/main.js,326,js,a244270f,andrewyounucsd,2026-05-22,15:09:41,-07:00,2026-05-22T15:09:41-07:00,0,25
meta/main.js,327,js,a244270f,andrewyounucsd,2026-05-22,15:09:41,-07:00,2026-05-22T15:09:41-07:00,1,17
meta/main.js,328,js,a244270f,andrewyounucsd,2026-05-22,15:09:41,-07:00,2026-05-22T15:09:41-07:00,1,12
meta/main.js,329,js,a244270f,andrewyounucsd,2026-05-22,15:09:41,-07:00,2026-05-22T15:09:41-07:00,1,10
meta/main.js,330,js,a244270f,andrewyounucsd,2026-05-22,15:09:41,-07:00,2026-05-22T15:09:41-07:00,1,20
meta/main.js,331,js,a244270f,andrewyounucsd,2026-05-22,15:09:41,-07:00,2026-05-22T15:09:41-07:00,1,4
meta/main.js,332,js,a244270f,andrewyounucsd,2026-05-22,15:09:41,-07:00,2026-05-22T15:09:41-07:00,2,9
meta/main.js,333,js,a244270f,andrewyounucsd,2026-05-22,15:09:41,-07:00,2026-05-22T15:09:41-07:00,2,36
meta/main.js,334,js,a244270f,andrewyounucsd,2026-05-22,15:09:41,-07:00,2026-05-22T15:09:41-07:00,3,16
meta/main.js,335,js,a244270f,andrewyounucsd,2026-05-22,15:09:41,-07:00,2026-05-22T15:09:41-07:00,3,17
meta/main.js,336,js,a244270f,andrewyounucsd,2026-05-22,15:09:41,-07:00,2026-05-22T15:09:41-07:00,2,2
meta/main.js,337,js,a244270f,andrewyounucsd,2026-05-22,15:09:41,-07:00,2026-05-22T15:09:41-07:00,2,42
meta/main.js,338,js,a244270f,andrewyounucsd,2026-05-22,15:09:41,-07:00,2026-05-22T15:09:41-07:00,3,72
meta/main.js,339,js,a244270f,andrewyounucsd,2026-05-22,15:09:41,-07:00,2026-05-22T15:09:41-07:00,2,4
meta/main.js,340,js,a244270f,andrewyounucsd,2026-05-22,15:09:41,-07:00,2026-05-22T15:09:41-07:00,2,38
meta/main.js,341,js,a244270f,andrewyounucsd,2026-05-22,15:09:41,-07:00,2026-05-22T15:09:41-07:00,3,9
meta/main.js,342,js,a244270f,andrewyounucsd,2026-05-22,15:09:41,-07:00,2026-05-22T15:09:41-07:00,4,6
meta/main.js,343,js,a244270f,andrewyounucsd,2026-05-22,15:09:41,-07:00,2026-05-22T15:09:41-07:00,4,14
meta/main.js,344,js,a244270f,andrewyounucsd,2026-05-22,15:09:41,-07:00,2026-05-22T15:09:41-07:00,4,12
meta/main.js,345,js,a244270f,andrewyounucsd,2026-05-22,15:09:41,-07:00,2026-05-22T15:09:41-07:00,3,6
meta/main.js,346,js,a244270f,andrewyounucsd,2026-05-22,15:09:41,-07:00,2026-05-22T15:09:41-07:00,2,6
meta/main.js,347,js,a244270f,andrewyounucsd,2026-05-22,15:09:41,-07:00,2026-05-22T15:09:41-07:00,2,65
meta/main.js,348,js,a244270f,andrewyounucsd,2026-05-22,15:09:41,-07:00,2026-05-22T15:09:41-07:00,2,0
meta/main.js,349,js,a244270f,andrewyounucsd,2026-05-22,15:09:41,-07:00,2026-05-22T15:09:41-07:00,1,0
meta/main.js,350,js,a244270f,andrewyounucsd,2026-05-22,15:09:41,-07:00,2026-05-22T15:09:41-07:00,0,0
meta/main.js,351,js,a244270f,andrewyounucsd,2026-05-22,15:09:41,-07:00,2026-05-22T15:09:41-07:00,0,30
meta/main.js,352,js,a244270f,andrewyounucsd,2026-05-22,15:09:41,-07:00,2026-05-22T15:09:41-07:00,1,39
meta/main.js,353,js,a244270f,andrewyounucsd,2026-05-22,15:09:41,-07:00,2026-05-22T15:09:41-07:00,1,30
meta/main.js,354,js,a244270f,andrewyounucsd,2026-05-22,15:09:41,-07:00,2026-05-22T15:09:41-07:00,1,67
meta/main.js,355,js,a244270f,andrewyounucsd,2026-05-22,15:09:41,-07:00,2026-05-22T15:09:41-07:00,1,39
meta/main.js,356,js,a244270f,andrewyounucsd,2026-05-22,15:09:41,-07:00,2026-05-22T15:09:41-07:00,1,33
meta/main.js,357,js,a244270f,andrewyounucsd,2026-05-22,15:09:41,-07:00,2026-05-22T15:09:41-07:00,0,0
meta/main.js,358,js,a244270f,andrewyounucsd,2026-05-22,15:09:41,-07:00,2026-05-22T15:09:41-07:00,0,0
meta/main.js,359,js,a244270f,andrewyounucsd,2026-05-22,15:09:41,-07:00,2026-05-22T15:09:41-07:00,0,27
meta/main.js,360,js,a244270f,andrewyounucsd,2026-05-22,15:09:41,-07:00,2026-05-22T15:09:41-07:00,0,6
meta/main.js,361,js,a244270f,andrewyounucsd,2026-05-22,15:09:41,-07:00,2026-05-22T15:09:41-07:00,1,6
meta/main.js,362,js,a244270f,andrewyounucsd,2026-05-22,15:09:41,-07:00,2026-05-22T15:09:41-07:00,2,22
meta/main.js,363,js,a244270f,andrewyounucsd,2026-05-22,15:09:41,-07:00,2026-05-22T15:09:41-07:00,2,23
meta/main.js,364,js,a244270f,andrewyounucsd,2026-05-22,15:09:41,-07:00,2026-05-22T15:09:41-07:00,1,0
meta/main.js,365,js,a244270f,andrewyounucsd,2026-05-22,15:09:41,-07:00,2026-05-22T15:09:41-07:00,1,24
meta/index.html,1,html,d494dd15,andrewyounucsd,2026-05-09,19:16:10,-07:00,2026-05-09T19:16:10-07:00,0,13
meta/index.html,2,html,d494dd15,andrewyounucsd,2026-05-09,19:16:10,-07:00,2026-05-09T19:16:10-07:00,0,14
meta/index.html,3,html,d494dd15,andrewyounucsd,2026-05-09,19:16:10,-07:00,2026-05-09T19:16:10-07:00,0,4
meta/index.html,4,html,d494dd15,andrewyounucsd,2026-05-09,19:16:10,-07:00,2026-05-09T19:16:10-07:00,2,20
meta/index.html,5,html,d494dd15,andrewyounucsd,2026-05-09,19:16:10,-07:00,2026-05-09T19:16:10-07:00,2,68
meta/index.html,6,html,d494dd15,andrewyounucsd,2026-05-09,19:16:10,-07:00,2026-05-09T19:16:10-07:00,2,17
meta/index.html,7,html,d494dd15,andrewyounucsd,2026-05-09,19:16:10,-07:00,2026-05-09T19:16:10-07:00,2,41
meta/index.html,8,html,d494dd15,andrewyounucsd,2026-05-09,19:16:10,-07:00,2026-05-09T19:16:10-07:00,2,48
meta/index.html,9,html,59d4e37b,andrewyounucsd,2026-05-09,19:18:17,-07:00,2026-05-09T19:18:17-07:00,2,43
meta/index.html,10,html,d494dd15,andrewyounucsd,2026-05-09,19:16:10,-07:00,2026-05-09T19:16:10-07:00,0,5
meta/index.html,11,html,d494dd15,andrewyounucsd,2026-05-09,19:16:10,-07:00,2026-05-09T19:16:10-07:00,0,4
meta/index.html,12,html,d494dd15,andrewyounucsd,2026-05-09,19:16:10,-07:00,2026-05-09T19:16:10-07:00,2,11
meta/index.html,13,html,d494dd15,andrewyounucsd,2026-05-09,19:16:10,-07:00,2026-05-09T19:16:10-07:00,2,61
meta/index.html,14,html,acd42ce5,andrewyounucsd,2026-05-22,13:18:20,-07:00,2026-05-22T13:18:20-07:00,2,49
meta/index.html,15,html,acd42ce5,andrewyounucsd,2026-05-22,13:18:20,-07:00,2026-05-22T13:18:20-07:00,4,5
meta/index.html,16,html,acd42ce5,andrewyounucsd,2026-05-22,13:18:20,-07:00,2026-05-22T13:18:20-07:00,6,17
meta/index.html,17,html,acd42ce5,andrewyounucsd,2026-05-22,13:18:20,-07:00,2026-05-22T13:18:20-07:00,6,71
meta/index.html,18,html,acd42ce5,andrewyounucsd,2026-05-22,13:18:20,-07:00,2026-05-22T13:18:20-07:00,6,28
meta/index.html,19,html,acd42ce5,andrewyounucsd,2026-05-22,13:18:20,-07:00,2026-05-22T13:18:20-07:00,4,6
meta/index.html,20,html,acd42ce5,andrewyounucsd,2026-05-22,13:18:20,-07:00,2026-05-22T13:18:20-07:00,2,4
meta/index.html,21,html,d494dd15,andrewyounucsd,2026-05-09,19:16:10,-07:00,2026-05-09T19:16:10-07:00,2,20
meta/index.html,22,html,a244270f,andrewyounucsd,2026-05-22,15:09:41,-07:00,2026-05-22T15:09:41-07:00,2,18
meta/index.html,23,html,a244270f,andrewyounucsd,2026-05-22,15:09:41,-07:00,2026-05-22T15:09:41-07:00,4,28
meta/index.html,24,html,a244270f,andrewyounucsd,2026-05-22,15:09:41,-07:00,2026-05-22T15:09:41-07:00,4,21
meta/index.html,25,html,a244270f,andrewyounucsd,2026-05-22,15:09:41,-07:00,2026-05-22T15:09:41-07:00,6,29
meta/index.html,26,html,a244270f,andrewyounucsd,2026-05-22,15:09:41,-07:00,2026-05-22T15:09:41-07:00,6,20
meta/index.html,27,html,a244270f,andrewyounucsd,2026-05-22,15:09:41,-07:00,2026-05-22T15:09:41-07:00,6,45
meta/index.html,28,html,a244270f,andrewyounucsd,2026-05-22,15:09:41,-07:00,2026-05-22T15:09:41-07:00,6,45
meta/index.html,29,html,a244270f,andrewyounucsd,2026-05-22,15:09:41,-07:00,2026-05-22T15:09:41-07:00,4,4
meta/index.html,30,html,a244270f,andrewyounucsd,2026-05-22,15:09:41,-07:00,2026-05-22T15:09:41-07:00,2,4
meta/index.html,31,html,8a55582b,andrewyounucsd,2026-05-22,13:57:07,-07:00,2026-05-22T13:57:07-07:00,2,18
meta/index.html,32,html,3fc034d9,andrewyounucsd,2026-05-09,19:58:49,-07:00,2026-05-09T19:58:49-07:00,2,50
meta/index.html,33,html,3fc034d9,andrewyounucsd,2026-05-09,19:58:49,-07:00,2026-05-09T19:58:49-07:00,4,13
meta/index.html,34,html,3fc034d9,andrewyounucsd,2026-05-09,19:58:49,-07:00,2026-05-09T19:58:49-07:00,4,55
meta/index.html,35,html,3fc034d9,andrewyounucsd,2026-05-09,19:58:49,-07:00,2026-05-09T19:58:49-07:00,4,11
meta/index.html,36,html,3fc034d9,andrewyounucsd,2026-05-09,19:58:49,-07:00,2026-05-09T19:58:49-07:00,4,24
meta/index.html,37,html,3fc034d9,andrewyounucsd,2026-05-09,19:58:49,-07:00,2026-05-09T19:58:49-07:00,4,11
meta/index.html,38,html,3fc034d9,andrewyounucsd,2026-05-09,19:58:49,-07:00,2026-05-09T19:58:49-07:00,4,24
meta/index.html,39,html,3fc034d9,andrewyounucsd,2026-05-09,19:58:49,-07:00,2026-05-09T19:58:49-07:00,4,13
meta/index.html,40,html,3fc034d9,andrewyounucsd,2026-05-09,19:58:49,-07:00,2026-05-09T19:58:49-07:00,4,26
meta/index.html,41,html,3fc034d9,andrewyounucsd,2026-05-09,19:58:49,-07:00,2026-05-09T19:58:49-07:00,4,19
meta/index.html,42,html,3fc034d9,andrewyounucsd,2026-05-09,19:58:49,-07:00,2026-05-09T19:58:49-07:00,4,25
meta/index.html,43,html,3fc034d9,andrewyounucsd,2026-05-09,19:58:49,-07:00,2026-05-09T19:58:49-07:00,2,3
meta/index.html,44,html,d494dd15,andrewyounucsd,2026-05-09,19:16:10,-07:00,2026-05-09T19:16:10-07:00,0,5
meta/index.html,45,html,d494dd15,andrewyounucsd,2026-05-09,19:16:10,-07:00,2026-05-09T19:16:10-07:00,0,5
contact/index.html,1,html,f5afe43d,andrewyounucsd,2026-04-03,15:55:56,-07:00,2026-04-03T15:55:56-07:00,0,13
contact/index.html,2,html,f5afe43d,andrewyounucsd,2026-04-03,15:55:56,-07:00,2026-04-03T15:55:56-07:00,0,14
contact/index.html,3,html,f5afe43d,andrewyounucsd,2026-04-03,15:55:56,-07:00,2026-04-03T15:55:56-07:00,0,4
contact/index.html,4,html,f5afe43d,andrewyounucsd,2026-04-03,15:55:56,-07:00,2026-04-03T15:55:56-07:00,2,20
contact/index.html,5,html,f5afe43d,andrewyounucsd,2026-04-03,15:55:56,-07:00,2026-04-03T15:55:56-07:00,2,68
contact/index.html,6,html,f5afe43d,andrewyounucsd,2026-04-03,15:55:56,-07:00,2026-04-03T15:55:56-07:00,2,20
contact/index.html,7,html,f5afe43d,andrewyounucsd,2026-04-03,15:55:56,-07:00,2026-04-03T15:55:56-07:00,2,41
contact/index.html,8,html,152fe6ab,andrewyounucsd,2026-04-16,17:34:28,-07:00,2026-04-16T17:34:28-07:00,2,48
contact/index.html,9,html,f5afe43d,andrewyounucsd,2026-04-03,15:55:56,-07:00,2026-04-03T15:55:56-07:00,0,5
contact/index.html,10,html,f5afe43d,andrewyounucsd,2026-04-03,15:55:56,-07:00,2026-04-03T15:55:56-07:00,0,4
contact/index.html,11,html,f5afe43d,andrewyounucsd,2026-04-03,15:55:56,-07:00,2026-04-03T15:55:56-07:00,2,14
contact/index.html,12,html,8d5f2e7b,andrewyounucsd,2026-04-16,18:25:54,-07:00,2026-04-16T18:25:54-07:00,2,36
contact/index.html,13,html,3beb34f2,andrewyounucsd,2026-04-03,16:07:51,-07:00,2026-04-03T16:07:51-07:00,2,53
contact/index.html,14,html,3beb34f2,andrewyounucsd,2026-04-03,16:07:51,-07:00,2026-04-03T16:07:51-07:00,2,44
contact/index.html,15,html,3beb34f2,andrewyounucsd,2026-04-03,16:07:51,-07:00,2026-04-03T16:07:51-07:00,2,52
contact/index.html,16,html,3beb34f2,andrewyounucsd,2026-04-03,16:07:51,-07:00,2026-04-03T16:07:51-07:00,2,21
contact/index.html,17,html,3beb34f2,andrewyounucsd,2026-04-03,16:07:51,-07:00,2026-04-03T16:07:51-07:00,0,5
contact/index.html,18,html,f5afe43d,andrewyounucsd,2026-04-03,15:55:56,-07:00,2026-04-03T15:55:56-07:00,0,5
contact/index.html,19,html,f5afe43d,andrewyounucsd,2026-04-03,15:55:56,-07:00,2026-04-03T15:55:56-07:00,0,5
